generation,run,parameter,mean_fitness,best_fitness
0, 1324, 5, 6.0, 6
1, 1324, 5, 5.9, 5
2, 1324, 5, 4.8, 4
3, 1324, 5, 3.6, 2
4, 1324, 5, 2.6, 1
5, 1324, 5, 2.7, 1
6, 1324, 5, 3.6, 1
7, 1324, 5, 2.2, 1
8, 1324, 5, 2.1, 0
0, 8271, 10, 9.0, 9
1, 8271, 10, 9.1, 7
2, 8271, 10, 8.0, 7
3, 8271, 10, 7.5, 4
4, 8271, 10, 7.5, 4
5, 8271, 10, 6.9, 4
6, 8271, 10, 5.8, 4
7, 8271, 10, 6.1, 4
8, 8271, 10, 4.2, 3
9, 8271, 10, 4.4, 3
10, 8271, 10, 6.4, 3
11, 8271, 10, 8.1, 3
12, 8271, 10, 7.3, 3
13, 8271, 10, 6.1, 3
14, 8271, 10, 6.5, 3
15, 8271, 10, 7.5, 3
16, 8271, 10, 6.4, 3
17, 8271, 10, 5.7, 3
18, 8271, 10, 5.2, 3
19, 8271, 10, 4.8, 3
20, 8271, 10, 6.0, 3
21, 8271, 10, 5.6, 3
22, 8271, 10, 5.8, 3
23, 8271, 10, 6.4, 3
24, 8271, 10, 4.3, 3
25, 8271, 10, 5.5, 3
26, 8271, 10, 4.3, 3
27, 8271, 10, 4.7, 3
28, 8271, 10, 6.0, 3
29, 8271, 10, 5.0, 3
30, 8271, 10, 5.7, 3
31, 8271, 10, 5.0, 2
32, 8271, 10, 5.3, 2
33, 8271, 10, 5.8, 2
34, 8271, 10, 5.1, 2
35, 8271, 10, 6.0, 2
36, 8271, 10, 4.7, 2
37, 8271, 10, 4.3, 2
38, 8271, 10, 4.3, 2
39, 8271, 10, 4.8, 2
40, 8271, 10, 4.5, 2
41, 8271, 10, 4.3, 2
42, 8271, 10, 4.5, 2
43, 8271, 10, 4.9, 2
44, 8271, 10, 5.0, 2
45, 8271, 10, 5.2, 2
46, 8271, 10, 4.3, 2
47, 8271, 10, 5.1, 2
48, 8271, 10, 3.8, 2
49, 8271, 10, 3.8, 2
50, 8271, 10, 4.1, 2
51, 8271, 10, 5.4, 2
52, 8271, 10, 4.6, 2
53, 8271, 10, 5.5, 2
54, 8271, 10, 5.4, 2
55, 8271, 10, 4.2, 2
56, 8271, 10, 5.0, 2
57, 8271, 10, 5.2, 2
58, 8271, 10, 4.6, 2
59, 8271, 10, 4.5, 2
60, 8271, 10, 4.5, 2
61, 8271, 10, 4.7, 2
62, 8271, 10, 4.5, 2
63, 8271, 10, 5.1, 2
64, 8271, 10, 5.2, 2
65, 8271, 10, 5.4, 2
66, 8271, 10, 6.5, 2
67, 8271, 10, 5.3, 2
68, 8271, 10, 4.2, 2
69, 8271, 10, 4.8, 2
70, 8271, 10, 5.5, 2
71, 8271, 10, 5.6, 2
72, 8271, 10, 5.0, 2
73, 8271, 10, 5.5, 2
74, 8271, 10, 5.4, 2
75, 8271, 10, 5.2, 2
76, 8271, 10, 4.6, 2
77, 8271, 10, 4.7, 2
78, 8271, 10, 6.4, 2
79, 8271, 10, 5.3, 2
80, 8271, 10, 5.7, 2
81, 8271, 10, 6.3, 2
82, 8271, 10, 5.8, 2
83, 8271, 10, 6.2, 2
84, 8271, 10, 5.6, 2
85, 8271, 10, 4.4, 2
86, 8271, 10, 4.9, 2
87, 8271, 10, 5.3, 2
88, 8271, 10, 5.6, 2
89, 8271, 10, 4.4, 2
90, 8271, 10, 4.1, 2
91, 8271, 10, 4.5, 2
92, 8271, 10, 5.9, 2
93, 8271, 10, 4.7, 2
94, 8271, 10, 4.7, 2
95, 8271, 10, 7.3, 2
96, 8271, 10, 5.7, 2
97, 8271, 10, 6.0, 2
98, 8271, 10, 5.5, 2
99, 8271, 10, 4.8, 2
100, 8271, 10, 3.7, 2
101, 8271, 10, 5.1, 2
102, 8271, 10, 4.8, 2
103, 8271, 10, 5.5, 2
104, 8271, 10, 5.3, 2
105, 8271, 10, 5.7, 2
106, 8271, 10, 4.4, 2
107, 8271, 10, 6.1, 2
108, 8271, 10, 4.3, 2
109, 8271, 10, 4.5, 2
110, 8271, 10, 5.7, 2
111, 8271, 10, 4.5, 2
112, 8271, 10, 4.8, 2
113, 8271, 10, 5.6, 2
114, 8271, 10, 6.7, 2
115, 8271, 10, 5.8, 2
116, 8271, 10, 5.8, 2
117, 8271, 10, 4.9, 2
118, 8271, 10, 4.6, 2
119, 8271, 10, 6.1, 2
120, 8271, 10, 5.5, 2
121, 8271, 10, 4.3, 2
122, 8271, 10, 4.8, 2
123, 8271, 10, 4.4, 2
124, 8271, 10, 5.0, 2
125, 8271, 10, 4.8, 2
126, 8271, 10, 6.3, 2
127, 8271, 10, 6.2, 2
128, 8271, 10, 4.0, 2
129, 8271, 10, 4.7, 2
130, 8271, 10, 5.8, 2
131, 8271, 10, 5.4, 2
132, 8271, 10, 4.4, 2
133, 8271, 10, 4.7, 2
134, 8271, 10, 5.5, 2
135, 8271, 10, 5.0, 2
136, 8271, 10, 4.8, 2
137, 8271, 10, 4.5, 2
138, 8271, 10, 5.0, 2
139, 8271, 10, 6.2, 2
140, 8271, 10, 4.3, 2
141, 8271, 10, 4.0, 2
142, 8271, 10, 3.5, 2
143, 8271, 10, 4.5, 2
144, 8271, 10, 5.7, 2
145, 8271, 10, 5.8, 2
146, 8271, 10, 5.3, 2
147, 8271, 10, 5.4, 2
148, 8271, 10, 5.1, 2
149, 8271, 10, 5.4, 2
150, 8271, 10, 4.7, 2
151, 8271, 10, 5.2, 1
152, 8271, 10, 4.4, 1
153, 8271, 10, 3.7, 1
154, 8271, 10, 4.5, 1
155, 8271, 10, 4.4, 1
156, 8271, 10, 5.7, 1
157, 8271, 10, 6.0, 1
158, 8271, 10, 4.9, 1
159, 8271, 10, 5.6, 1
160, 8271, 10, 5.4, 1
161, 8271, 10, 5.2, 1
162, 8271, 10, 5.6, 1
163, 8271, 10, 3.8, 1
164, 8271, 10, 3.8, 1
165, 8271, 10, 3.4, 1
166, 8271, 10, 5.2, 1
167, 8271, 10, 3.5, 1
168, 8271, 10, 4.7, 1
169, 8271, 10, 4.8, 1
170, 8271, 10, 4.9, 1
171, 8271, 10, 4.4, 1
172, 8271, 10, 4.0, 1
173, 8271, 10, 3.5, 1
174, 8271, 10, 4.0, 1
175, 8271, 10, 5.5, 1
176, 8271, 10, 5.6, 1
177, 8271, 10, 5.5, 1
178, 8271, 10, 5.4, 1
179, 8271, 10, 4.5, 1
180, 8271, 10, 3.0, 1
181, 8271, 10, 4.0, 1
182, 8271, 10, 5.0, 1
183, 8271, 10, 5.2, 1
184, 8271, 10, 5.7, 1
185, 8271, 10, 5.4, 1
186, 8271, 10, 4.1, 1
187, 8271, 10, 6.0, 1
188, 8271, 10, 4.6, 1
189, 8271, 10, 4.8, 1
190, 8271, 10, 4.4, 1
191, 8271, 10, 4.9, 1
192, 8271, 10, 4.7, 1
193, 8271, 10, 4.4, 1
194, 8271, 10, 4.0, 1
195, 8271, 10, 4.9, 1
196, 8271, 10, 5.3, 1
197, 8271, 10, 5.6, 1
198, 8271, 10, 5.7, 1
199, 8271, 10, 4.0, 1
200, 8271, 10, 4.0, 1
201, 8271, 10, 5.0, 1
202, 8271, 10, 5.3, 1
203, 8271, 10, 5.1, 1
204, 8271, 10, 6.3, 1
205, 8271, 10, 4.6, 1
206, 8271, 10, 3.7, 1
207, 8271, 10, 5.9, 1
208, 8271, 10, 3.8, 1
209, 8271, 10, 4.4, 1
210, 8271, 10, 6.0, 1
211, 8271, 10, 6.3, 1
212, 8271, 10, 4.9, 1
213, 8271, 10, 4.0, 1
214, 8271, 10, 5.3, 1
215, 8271, 10, 4.3, 1
216, 8271, 10, 3.9, 1
217, 8271, 10, 4.9, 1
218, 8271, 10, 6.3, 1
219, 8271, 10, 5.9, 1
220, 8271, 10, 5.0, 1
221, 8271, 10, 4.4, 1
222, 8271, 10, 4.8, 1
223, 8271, 10, 6.0, 1
224, 8271, 10, 4.9, 1
225, 8271, 10, 5.6, 1
226, 8271, 10, 4.1, 1
227, 8271, 10, 4.1, 1
228, 8271, 10, 4.9, 1
229, 8271, 10, 5.8, 1
230, 8271, 10, 5.3, 1
231, 8271, 10, 3.9, 1
232, 8271, 10, 4.6, 1
233, 8271, 10, 3.9, 1
234, 8271, 10, 4.5, 1
235, 8271, 10, 4.9, 1
236, 8271, 10, 4.9, 1
237, 8271, 10, 5.6, 1
238, 8271, 10, 4.6, 1
239, 8271, 10, 4.2, 1
240, 8271, 10, 3.6, 1
241, 8271, 10, 4.1, 1
242, 8271, 10, 4.0, 1
243, 8271, 10, 5.7, 1
244, 8271, 10, 5.4, 1
245, 8271, 10, 5.9, 1
246, 8271, 10, 4.8, 1
247, 8271, 10, 4.4, 1
248, 8271, 10, 3.8, 1
249, 8271, 10, 3.8, 1
250, 8271, 10, 2.9, 1
251, 8271, 10, 3.9, 1
252, 8271, 10, 4.3, 1
253, 8271, 10, 4.0, 1
254, 8271, 10, 3.7, 1
255, 8271, 10, 4.6, 1
256, 8271, 10, 4.6, 1
257, 8271, 10, 3.5, 1
258, 8271, 10, 4.4, 1
259, 8271, 10, 3.8, 1
260, 8271, 10, 4.2, 1
261, 8271, 10, 4.2, 1
262, 8271, 10, 5.1, 1
263, 8271, 10, 3.7, 1
264, 8271, 10, 5.1, 1
265, 8271, 10, 5.5, 1
266, 8271, 10, 4.8, 1
267, 8271, 10, 5.3, 1
268, 8271, 10, 4.8, 1
269, 8271, 10, 4.6, 1
270, 8271, 10, 4.8, 1
271, 8271, 10, 4.1, 1
272, 8271, 10, 4.4, 1
273, 8271, 10, 5.0, 1
274, 8271, 10, 3.4, 1
275, 8271, 10, 4.0, 1
276, 8271, 10, 2.7, 1
277, 8271, 10, 3.6, 1
278, 8271, 10, 3.9, 1
279, 8271, 10, 3.6, 1
280, 8271, 10, 4.0, 1
281, 8271, 10, 5.4, 1
282, 8271, 10, 4.4, 1
283, 8271, 10, 4.9, 1
284, 8271, 10, 5.6, 1
285, 8271, 10, 4.3, 1
286, 8271, 10, 4.5, 1
287, 8271, 10, 4.7, 1
288, 8271, 10, 4.8, 1
289, 8271, 10, 4.1, 1
290, 8271, 10, 4.5, 1
291, 8271, 10, 4.2, 1
292, 8271, 10, 4.0, 1
293, 8271, 10, 4.0, 1
294, 8271, 10, 3.8, 1
295, 8271, 10, 4.8, 1
296, 8271, 10, 5.0, 1
297, 8271, 10, 3.6, 1
298, 8271, 10, 4.0, 1
299, 8271, 10, 4.8, 1
300, 8271, 10, 3.9, 1
301, 8271, 10, 3.3, 1
302, 8271, 10, 4.5, 1
303, 8271, 10, 5.1, 1
304, 8271, 10, 4.9, 1
305, 8271, 10, 4.8, 1
306, 8271, 10, 6.8, 1
307, 8271, 10, 6.3, 1
308, 8271, 10, 5.5, 1
309, 8271, 10, 4.7, 1
310, 8271, 10, 5.1, 1
311, 8271, 10, 3.6, 1
312, 8271, 10, 4.3, 1
313, 8271, 10, 5.2, 1
314, 8271, 10, 5.2, 1
315, 8271, 10, 4.7, 1
316, 8271, 10, 4.8, 1
317, 8271, 10, 3.7, 1
318, 8271, 10, 4.6, 1
319, 8271, 10, 4.5, 1
320, 8271, 10, 4.8, 1
321, 8271, 10, 4.5, 1
322, 8271, 10, 4.6, 1
323, 8271, 10, 4.5, 1
324, 8271, 10, 4.4, 1
325, 8271, 10, 4.5, 1
326, 8271, 10, 5.2, 1
327, 8271, 10, 5.0, 1
328, 8271, 10, 4.3, 1
329, 8271, 10, 3.8, 1
330, 8271, 10, 3.7, 1
331, 8271, 10, 3.7, 1
332, 8271, 10, 3.9, 1
333, 8271, 10, 3.9, 1
334, 8271, 10, 3.9, 1
335, 8271, 10, 4.5, 1
336, 8271, 10, 4.1, 1
337, 8271, 10, 4.9, 1
338, 8271, 10, 3.5, 1
339, 8271, 10, 5.0, 1
340, 8271, 10, 3.8, 1
341, 8271, 10, 3.1, 1
342, 8271, 10, 4.0, 1
343, 8271, 10, 4.5, 1
344, 8271, 10, 4.1, 1
345, 8271, 10, 4.7, 1
346, 8271, 10, 2.7, 1
347, 8271, 10, 3.0, 1
348, 8271, 10, 3.5, 1
349, 8271, 10, 4.2, 1
350, 8271, 10, 4.5, 1
351, 8271, 10, 4.1, 1
352, 8271, 10, 3.4, 1
353, 8271, 10, 4.3, 1
354, 8271, 10, 5.0, 1
355, 8271, 10, 4.2, 1
356, 8271, 10, 4.6, 1
357, 8271, 10, 2.9, 1
358, 8271, 10, 4.5, 1
359, 8271, 10, 3.3, 1
360, 8271, 10, 4.8, 1
361, 8271, 10, 3.7, 1
362, 8271, 10, 3.5, 1
363, 8271, 10, 4.0, 1
364, 8271, 10, 3.9, 1
365, 8271, 10, 3.4, 1
366, 8271, 10, 3.8, 1
367, 8271, 10, 4.1, 1
368, 8271, 10, 3.2, 1
369, 8271, 10, 3.7, 1
370, 8271, 10, 3.9, 1
371, 8271, 10, 3.8, 1
372, 8271, 10, 4.9, 1
373, 8271, 10, 4.1, 1
374, 8271, 10, 4.2, 1
375, 8271, 10, 4.6, 1
376, 8271, 10, 5.6, 1
377, 8271, 10, 5.1, 1
378, 8271, 10, 5.0, 1
379, 8271, 10, 5.1, 1
380, 8271, 10, 5.0, 1
381, 8271, 10, 4.0, 1
382, 8271, 10, 4.1, 1
383, 8271, 10, 3.6, 1
384, 8271, 10, 3.9, 1
385, 8271, 10, 3.9, 1
386, 8271, 10, 6.0, 1
387, 8271, 10, 5.0, 1
388, 8271, 10, 5.0, 1
389, 8271, 10, 4.4, 1
390, 8271, 10, 5.4, 1
391, 8271, 10, 5.3, 1
392, 8271, 10, 5.2, 1
393, 8271, 10, 4.7, 1
394, 8271, 10, 4.4, 1
395, 8271, 10, 4.6, 1
396, 8271, 10, 4.3, 1
397, 8271, 10, 3.4, 1
398, 8271, 10, 3.2, 1
399, 8271, 10, 3.2, 1
400, 8271, 10, 4.1, 1
401, 8271, 10, 3.6, 1
402, 8271, 10, 4.0, 1
403, 8271, 10, 4.4, 1
404, 8271, 10, 4.3, 1
405, 8271, 10, 4.9, 1
406, 8271, 10, 6.8, 1
407, 8271, 10, 4.4, 1
408, 8271, 10, 3.8, 1
409, 8271, 10, 4.2, 1
410, 8271, 10, 4.4, 1
411, 8271, 10, 4.2, 1
412, 8271, 10, 5.2, 1
413, 8271, 10, 4.4, 1
414, 8271, 10, 5.0, 1
415, 8271, 10, 5.3, 1
416, 8271, 10, 5.6, 1
417, 8271, 10, 4.5, 1
418, 8271, 10, 4.9, 1
419, 8271, 10, 5.5, 1
420, 8271, 10, 4.1, 1
421, 8271, 10, 4.3, 1
422, 8271, 10, 4.8, 1
423, 8271, 10, 4.5, 1
424, 8271, 10, 4.3, 1
425, 8271, 10, 5.9, 1
426, 8271, 10, 6.9, 1
427, 8271, 10, 6.1, 1
428, 8271, 10, 5.1, 1
429, 8271, 10, 4.7, 1
430, 8271, 10, 4.9, 1
431, 8271, 10, 5.1, 1
432, 8271, 10, 4.1, 1
433, 8271, 10, 4.0, 1
434, 8271, 10, 3.7, 1
435, 8271, 10, 3.0, 1
436, 8271, 10, 5.1, 1
437, 8271, 10, 4.6, 1
438, 8271, 10, 5.2, 1
439, 8271, 10, 4.5, 1
440, 8271, 10, 2.9, 1
441, 8271, 10, 4.6, 1
442, 8271, 10, 5.5, 1
443, 8271, 10, 3.9, 1
444, 8271, 10, 4.2, 1
445, 8271, 10, 5.2, 1
446, 8271, 10, 4.2, 1
447, 8271, 10, 3.6, 1
448, 8271, 10, 4.2, 1
449, 8271, 10, 4.7, 1
450, 8271, 10, 5.2, 1
451, 8271, 10, 2.9, 1
452, 8271, 10, 3.7, 1
453, 8271, 10, 4.9, 1
454, 8271, 10, 4.6, 1
455, 8271, 10, 3.9, 1
456, 8271, 10, 4.5, 1
457, 8271, 10, 6.4, 1
458, 8271, 10, 4.6, 1
459, 8271, 10, 5.4, 1
460, 8271, 10, 4.6, 1
461, 8271, 10, 4.2, 1
462, 8271, 10, 5.3, 1
463, 8271, 10, 4.9, 1
464, 8271, 10, 4.0, 1
465, 8271, 10, 5.0, 1
466, 8271, 10, 4.6, 1
467, 8271, 10, 3.8, 1
468, 8271, 10, 4.5, 1
469, 8271, 10, 6.0, 1
470, 8271, 10, 4.3, 1
471, 8271, 10, 3.7, 1
472, 8271, 10, 4.3, 1
473, 8271, 10, 3.2, 1
474, 8271, 10, 3.2, 1
475, 8271, 10, 4.3, 1
476, 8271, 10, 2.5, 1
477, 8271, 10, 3.2, 1
478, 8271, 10, 4.7, 1
479, 8271, 10, 4.6, 1
480, 8271, 10, 4.0, 1
481, 8271, 10, 5.6, 1
482, 8271, 10, 5.5, 1
483, 8271, 10, 3.3, 1
484, 8271, 10, 3.2, 1
485, 8271, 10, 4.6, 1
486, 8271, 10, 6.0, 1
487, 8271, 10, 6.0, 1
488, 8271, 10, 4.6, 1
489, 8271, 10, 4.5, 1
490, 8271, 10, 5.9, 1
491, 8271, 10, 5.1, 1
492, 8271, 10, 4.7, 1
493, 8271, 10, 4.6, 1
494, 8271, 10, 3.5, 1
495, 8271, 10, 5.2, 1
496, 8271, 10, 4.6, 1
497, 8271, 10, 5.4, 1
498, 8271, 10, 6.0, 1
499, 8271, 10, 4.8, 1
500, 8271, 10, 4.2, 1
501, 8271, 10, 3.5, 1
502, 8271, 10, 3.7, 1
503, 8271, 10, 3.6, 1
504, 8271, 10, 5.0, 1
505, 8271, 10, 5.0, 1
506, 8271, 10, 6.1, 1
507, 8271, 10, 5.6, 1
508, 8271, 10, 4.8, 1
509, 8271, 10, 4.7, 1
510, 8271, 10, 4.5, 1
511, 8271, 10, 4.1, 1
512, 8271, 10, 5.1, 1
513, 8271, 10, 4.3, 1
514, 8271, 10, 4.1, 1
515, 8271, 10, 4.3, 1
516, 8271, 10, 4.7, 1
517, 8271, 10, 4.3, 1
518, 8271, 10, 5.0, 1
519, 8271, 10, 3.8, 1
520, 8271, 10, 5.0, 1
521, 8271, 10, 3.2, 1
522, 8271, 10, 3.9, 1
523, 8271, 10, 3.9, 1
524, 8271, 10, 4.5, 1
525, 8271, 10, 5.8, 1
526, 8271, 10, 5.2, 1
527, 8271, 10, 5.7, 1
528, 8271, 10, 4.2, 1
529, 8271, 10, 3.5, 1
530, 8271, 10, 4.8, 1
531, 8271, 10, 4.8, 1
532, 8271, 10, 5.0, 1
533, 8271, 10, 5.4, 1
534, 8271, 10, 6.3, 1
535, 8271, 10, 6.7, 1
536, 8271, 10, 6.4, 1
537, 8271, 10, 5.9, 1
538, 8271, 10, 5.1, 1
539, 8271, 10, 5.2, 1
540, 8271, 10, 3.2, 1
541, 8271, 10, 3.4, 1
542, 8271, 10, 4.6, 1
543, 8271, 10, 5.5, 1
544, 8271, 10, 3.9, 1
545, 8271, 10, 3.0, 1
546, 8271, 10, 4.1, 1
547, 8271, 10, 4.2, 1
548, 8271, 10, 4.2, 1
549, 8271, 10, 4.2, 1
550, 8271, 10, 4.7, 1
551, 8271, 10, 4.8, 1
552, 8271, 10, 5.2, 1
553, 8271, 10, 5.0, 1
554, 8271, 10, 5.1, 1
555, 8271, 10, 4.7, 1
556, 8271, 10, 5.2, 1
557, 8271, 10, 4.7, 1
558, 8271, 10, 4.2, 1
559, 8271, 10, 4.6, 1
560, 8271, 10, 5.0, 1
561, 8271, 10, 4.6, 1
562, 8271, 10, 4.1, 1
563, 8271, 10, 5.4, 1
564, 8271, 10, 5.3, 1
565, 8271, 10, 5.0, 1
566, 8271, 10, 5.5, 1
567, 8271, 10, 4.3, 1
568, 8271, 10, 3.9, 1
569, 8271, 10, 4.7, 1
570, 8271, 10, 4.9, 1
571, 8271, 10, 3.9, 1
572, 8271, 10, 5.1, 1
573, 8271, 10, 5.1, 1
574, 8271, 10, 4.4, 1
575, 8271, 10, 5.4, 1
576, 8271, 10, 4.2, 1
577, 8271, 10, 4.9, 1
578, 8271, 10, 5.1, 1
579, 8271, 10, 4.7, 1
580, 8271, 10, 4.8, 1
581, 8271, 10, 4.6, 1
582, 8271, 10, 4.6, 1
583, 8271, 10, 4.4, 1
584, 8271, 10, 4.6, 1
585, 8271, 10, 4.6, 1
586, 8271, 10, 5.9, 1
587, 8271, 10, 3.9, 1
588, 8271, 10, 4.9, 1
589, 8271, 10, 4.7, 1
590, 8271, 10, 6.0, 1
591, 8271, 10, 4.5, 1
592, 8271, 10, 4.8, 1
593, 8271, 10, 4.7, 1
594, 8271, 10, 5.3, 1
595, 8271, 10, 3.7, 1
596, 8271, 10, 4.9, 1
597, 8271, 10, 4.0, 1
598, 8271, 10, 5.0, 1
599, 8271, 10, 5.0, 1
600, 8271, 10, 5.5, 1
601, 8271, 10, 4.1, 1
602, 8271, 10, 3.5, 1
603, 8271, 10, 4.6, 1
604, 8271, 10, 4.7, 1
605, 8271, 10, 3.0, 1
606, 8271, 10, 4.2, 1
607, 8271, 10, 4.9, 1
608, 8271, 10, 5.0, 1
609, 8271, 10, 3.9, 1
610, 8271, 10, 4.6, 1
611, 8271, 10, 5.1, 1
612, 8271, 10, 5.0, 1
613, 8271, 10, 4.7, 1
614, 8271, 10, 4.1, 1
615, 8271, 10, 4.5, 1
616, 8271, 10, 5.8, 1
617, 8271, 10, 5.7, 1
618, 8271, 10, 4.0, 1
619, 8271, 10, 3.7, 1
620, 8271, 10, 4.1, 1
621, 8271, 10, 3.2, 1
622, 8271, 10, 4.0, 1
623, 8271, 10, 4.3, 1
624, 8271, 10, 5.3, 1
625, 8271, 10, 3.8, 1
626, 8271, 10, 4.3, 1
627, 8271, 10, 4.4, 1
628, 8271, 10, 3.7, 1
629, 8271, 10, 6.0, 1
630, 8271, 10, 5.7, 1
631, 8271, 10, 4.0, 1
632, 8271, 10, 3.5, 1
633, 8271, 10, 4.2, 1
634, 8271, 10, 4.2, 1
635, 8271, 10, 4.1, 1
636, 8271, 10, 5.1, 1
637, 8271, 10, 4.2, 1
638, 8271, 10, 5.1, 1
639, 8271, 10, 5.1, 1
640, 8271, 10, 3.4, 1
641, 8271, 10, 5.1, 1
642, 8271, 10, 5.8, 1
643, 8271, 10, 5.7, 1
644, 8271, 10, 4.6, 1
645, 8271, 10, 4.7, 1
646, 8271, 10, 5.4, 1
647, 8271, 10, 4.2, 1
648, 8271, 10, 4.8, 1
649, 8271, 10, 5.0, 1
650, 8271, 10, 4.7, 1
651, 8271, 10, 4.0, 1
652, 8271, 10, 3.9, 1
653, 8271, 10, 5.9, 1
654, 8271, 10, 4.1, 1
655, 8271, 10, 3.5, 1
656, 8271, 10, 4.3, 1
657, 8271, 10, 5.3, 1
658, 8271, 10, 4.2, 1
659, 8271, 10, 5.2, 1
660, 8271, 10, 5.0, 1
661, 8271, 10, 4.7, 1
662, 8271, 10, 4.3, 1
663, 8271, 10, 5.3, 1
664, 8271, 10, 4.4, 1
665, 8271, 10, 5.8, 1
666, 8271, 10, 6.2, 1
667, 8271, 10, 5.6, 1
668, 8271, 10, 5.1, 1
669, 8271, 10, 4.1, 1
670, 8271, 10, 4.4, 1
671, 8271, 10, 4.2, 1
672, 8271, 10, 5.5, 1
673, 8271, 10, 5.3, 1
674, 8271, 10, 3.3, 1
675, 8271, 10, 3.0, 1
676, 8271, 10, 3.7, 1
677, 8271, 10, 4.4, 1
678, 8271, 10, 3.5, 1
679, 8271, 10, 4.8, 1
680, 8271, 10, 3.4, 1
681, 8271, 10, 4.2, 1
682, 8271, 10, 3.9, 1
683, 8271, 10, 4.9, 1
684, 8271, 10, 5.6, 1
685, 8271, 10, 4.4, 1
686, 8271, 10, 5.4, 1
687, 8271, 10, 4.4, 1
688, 8271, 10, 6.1, 1
689, 8271, 10, 5.6, 1
690, 8271, 10, 5.5, 1
691, 8271, 10, 4.2, 1
692, 8271, 10, 4.6, 1
693, 8271, 10, 4.3, 1
694, 8271, 10, 3.6, 1
695, 8271, 10, 3.7, 1
696, 8271, 10, 2.7, 1
697, 8271, 10, 4.8, 1
698, 8271, 10, 3.1, 1
699, 8271, 10, 3.7, 1
700, 8271, 10, 3.6, 1
701, 8271, 10, 3.5, 1
702, 8271, 10, 4.7, 1
703, 8271, 10, 4.3, 1
704, 8271, 10, 5.0, 1
705, 8271, 10, 5.8, 1
706, 8271, 10, 4.9, 1
707, 8271, 10, 3.4, 1
708, 8271, 10, 3.6, 1
709, 8271, 10, 4.0, 1
710, 8271, 10, 4.2, 1
711, 8271, 10, 4.2, 1
712, 8271, 10, 5.2, 1
713, 8271, 10, 5.2, 1
714, 8271, 10, 4.6, 1
715, 8271, 10, 5.5, 1
716, 8271, 10, 6.1, 1
717, 8271, 10, 6.2, 1
718, 8271, 10, 5.6, 1
719, 8271, 10, 4.3, 1
720, 8271, 10, 3.9, 1
721, 8271, 10, 3.2, 1
722, 8271, 10, 4.1, 1
723, 8271, 10, 4.4, 1
724, 8271, 10, 5.0, 1
725, 8271, 10, 4.4, 1
726, 8271, 10, 4.5, 1
727, 8271, 10, 4.4, 1
728, 8271, 10, 4.8, 1
729, 8271, 10, 4.8, 1
730, 8271, 10, 5.0, 1
731, 8271, 10, 5.3, 1
732, 8271, 10, 5.2, 1
733, 8271, 10, 5.2, 1
734, 8271, 10, 3.8, 1
735, 8271, 10, 6.0, 1
736, 8271, 10, 4.9, 1
737, 8271, 10, 3.7, 1
738, 8271, 10, 5.1, 1
739, 8271, 10, 5.2, 1
740, 8271, 10, 4.3, 1
741, 8271, 10, 3.7, 1
742, 8271, 10, 5.1, 1
743, 8271, 10, 5.9, 1
744, 8271, 10, 3.3, 1
745, 8271, 10, 3.4, 1
746, 8271, 10, 3.3, 1
747, 8271, 10, 4.6, 1
748, 8271, 10, 4.2, 1
749, 8271, 10, 6.0, 1
750, 8271, 10, 6.0, 1
751, 8271, 10, 4.8, 1
752, 8271, 10, 3.3, 1
753, 8271, 10, 4.6, 1
754, 8271, 10, 3.9, 1
755, 8271, 10, 4.9, 1
756, 8271, 10, 5.3, 1
757, 8271, 10, 5.2, 1
758, 8271, 10, 4.9, 1
759, 8271, 10, 5.1, 1
760, 8271, 10, 4.2, 1
761, 8271, 10, 3.1, 1
762, 8271, 10, 3.6, 1
763, 8271, 10, 4.6, 1
764, 8271, 10, 4.6, 1
765, 8271, 10, 5.2, 1
766, 8271, 10, 5.7, 1
767, 8271, 10, 4.4, 1
768, 8271, 10, 4.5, 1
769, 8271, 10, 5.0, 1
770, 8271, 10, 4.4, 1
771, 8271, 10, 5.2, 1
772, 8271, 10, 5.7, 1
773, 8271, 10, 3.9, 1
774, 8271, 10, 4.7, 1
775, 8271, 10, 4.8, 1
776, 8271, 10, 5.0, 1
777, 8271, 10, 4.5, 1
778, 8271, 10, 5.8, 1
779, 8271, 10, 4.9, 1
780, 8271, 10, 6.0, 1
781, 8271, 10, 7.0, 1
782, 8271, 10, 5.7, 1
783, 8271, 10, 4.9, 1
784, 8271, 10, 5.3, 1
785, 8271, 10, 6.3, 1
786, 8271, 10, 5.2, 1
787, 8271, 10, 5.1, 1
788, 8271, 10, 5.1, 1
789, 8271, 10, 4.5, 1
790, 8271, 10, 4.2, 1
791, 8271, 10, 4.9, 1
792, 8271, 10, 4.0, 1
793, 8271, 10, 4.5, 1
794, 8271, 10, 4.6, 1
795, 8271, 10, 3.9, 1
796, 8271, 10, 5.5, 1
797, 8271, 10, 5.2, 1
798, 8271, 10, 4.7, 1
799, 8271, 10, 4.7, 1
800, 8271, 10, 6.2, 1
801, 8271, 10, 5.2, 1
802, 8271, 10, 6.2, 1
803, 8271, 10, 6.1, 1
804, 8271, 10, 5.5, 1
805, 8271, 10, 6.1, 1
806, 8271, 10, 5.8, 1
807, 8271, 10, 6.5, 1
808, 8271, 10, 5.9, 1
809, 8271, 10, 6.9, 1
810, 8271, 10, 5.7, 1
811, 8271, 10, 6.4, 1
812, 8271, 10, 5.4, 1
813, 8271, 10, 3.2, 1
814, 8271, 10, 3.8, 1
815, 8271, 10, 4.9, 1
816, 8271, 10, 3.8, 1
817, 8271, 10, 3.8, 1
818, 8271, 10, 4.0, 1
819, 8271, 10, 4.8, 1
820, 8271, 10, 3.7, 1
821, 8271, 10, 4.9, 1
822, 8271, 10, 4.3, 1
823, 8271, 10, 4.2, 1
824, 8271, 10, 5.6, 1
825, 8271, 10, 4.6, 1
826, 8271, 10, 3.7, 1
827, 8271, 10, 4.1, 1
828, 8271, 10, 4.8, 1
829, 8271, 10, 5.5, 1
830, 8271, 10, 5.8, 1
831, 8271, 10, 5.1, 1
832, 8271, 10, 4.6, 1
833, 8271, 10, 4.7, 1
834, 8271, 10, 4.1, 1
835, 8271, 10, 3.2, 1
836, 8271, 10, 3.3, 1
837, 8271, 10, 5.1, 1
838, 8271, 10, 5.2, 1
839, 8271, 10, 3.9, 1
840, 8271, 10, 4.2, 1
841, 8271, 10, 3.8, 1
842, 8271, 10, 3.3, 1
843, 8271, 10, 4.9, 1
844, 8271, 10, 4.9, 1
845, 8271, 10, 3.5, 1
846, 8271, 10, 3.7, 1
847, 8271, 10, 2.9, 1
848, 8271, 10, 3.0, 1
849, 8271, 10, 3.6, 1
850, 8271, 10, 4.7, 1
851, 8271, 10, 5.0, 1
852, 8271, 10, 4.6, 1
853, 8271, 10, 4.9, 1
854, 8271, 10, 5.2, 1
855, 8271, 10, 5.5, 1
856, 8271, 10, 4.9, 1
857, 8271, 10, 4.7, 1
858, 8271, 10, 4.2, 1
859, 8271, 10, 4.0, 1
860, 8271, 10, 5.5, 1
861, 8271, 10, 5.0, 1
862, 8271, 10, 2.8, 1
863, 8271, 10, 3.6, 1
864, 8271, 10, 3.6, 1
865, 8271, 10, 6.4, 1
866, 8271, 10, 5.5, 1
867, 8271, 10, 4.8, 1
868, 8271, 10, 5.5, 1
869, 8271, 10, 4.5, 1
870, 8271, 10, 3.7, 1
871, 8271, 10, 4.6, 1
872, 8271, 10, 4.4, 1
873, 8271, 10, 5.0, 1
874, 8271, 10, 3.8, 1
875, 8271, 10, 5.1, 1
876, 8271, 10, 4.5, 1
877, 8271, 10, 5.0, 1
878, 8271, 10, 5.9, 1
879, 8271, 10, 6.6, 1
880, 8271, 10, 6.3, 1
881, 8271, 10, 4.9, 1
882, 8271, 10, 5.1, 1
883, 8271, 10, 4.3, 1
884, 8271, 10, 4.6, 1
885, 8271, 10, 4.6, 1
886, 8271, 10, 3.9, 1
887, 8271, 10, 6.7, 1
888, 8271, 10, 5.4, 1
889, 8271, 10, 5.5, 1
890, 8271, 10, 6.2, 1
891, 8271, 10, 5.2, 1
892, 8271, 10, 5.2, 1
893, 8271, 10, 6.2, 1
894, 8271, 10, 6.2, 1
895, 8271, 10, 6.3, 1
896, 8271, 10, 4.1, 1
897, 8271, 10, 2.6, 1
898, 8271, 10, 4.4, 1
899, 8271, 10, 4.2, 1
900, 8271, 10, 4.9, 1
901, 8271, 10, 4.5, 1
902, 8271, 10, 3.5, 1
903, 8271, 10, 3.2, 1
904, 8271, 10, 3.7, 1
905, 8271, 10, 3.6, 1
906, 8271, 10, 4.1, 1
907, 8271, 10, 4.6, 1
908, 8271, 10, 5.3, 1
909, 8271, 10, 4.4, 1
910, 8271, 10, 4.0, 1
911, 8271, 10, 4.2, 1
912, 8271, 10, 4.7, 1
913, 8271, 10, 5.2, 1
914, 8271, 10, 4.6, 1
915, 8271, 10, 4.3, 1
916, 8271, 10, 4.0, 1
917, 8271, 10, 5.5, 1
918, 8271, 10, 4.6, 1
919, 8271, 10, 5.2, 1
920, 8271, 10, 4.1, 1
921, 8271, 10, 5.2, 1
922, 8271, 10, 5.0, 1
923, 8271, 10, 6.0, 1
924, 8271, 10, 5.7, 1
925, 8271, 10, 5.3, 1
926, 8271, 10, 5.3, 1
927, 8271, 10, 4.6, 1
928, 8271, 10, 5.0, 1
929, 8271, 10, 5.4, 1
930, 8271, 10, 4.0, 1
931, 8271, 10, 4.3, 1
932, 8271, 10, 5.4, 1
933, 8271, 10, 3.9, 1
934, 8271, 10, 4.1, 1
935, 8271, 10, 3.5, 1
936, 8271, 10, 5.1, 1
937, 8271, 10, 5.1, 1
938, 8271, 10, 5.5, 1
939, 8271, 10, 4.5, 1
940, 8271, 10, 3.3, 1
941, 8271, 10, 3.0, 1
942, 8271, 10, 5.1, 1
943, 8271, 10, 4.8, 1
944, 8271, 10, 5.8, 1
945, 8271, 10, 4.7, 1
946, 8271, 10, 5.2, 1
947, 8271, 10, 5.8, 1
948, 8271, 10, 4.9, 1
949, 8271, 10, 4.0, 1
950, 8271, 10, 3.3, 1
951, 8271, 10, 4.0, 1
952, 8271, 10, 3.7, 1
953, 8271, 10, 5.0, 1
954, 8271, 10, 3.8, 1
955, 8271, 10, 5.1, 1
956, 8271, 10, 4.5, 1
957, 8271, 10, 4.3, 1
958, 8271, 10, 5.0, 1
959, 8271, 10, 4.9, 1
960, 8271, 10, 5.2, 1
961, 8271, 10, 4.7, 1
962, 8271, 10, 4.7, 1
963, 8271, 10, 4.4, 1
964, 8271, 10, 4.1, 1
965, 8271, 10, 4.1, 1
966, 8271, 10, 4.6, 1
967, 8271, 10, 3.6, 1
968, 8271, 10, 3.9, 1
969, 8271, 10, 4.0, 1
970, 8271, 10, 4.8, 1
971, 8271, 10, 4.3, 1
972, 8271, 10, 5.6, 1
973, 8271, 10, 4.3, 1
974, 8271, 10, 5.7, 1
975, 8271, 10, 4.8, 1
976, 8271, 10, 3.0, 1
977, 8271, 10, 3.7, 1
978, 8271, 10, 4.5, 1
979, 8271, 10, 5.0, 1
980, 8271, 10, 4.5, 1
981, 8271, 10, 4.1, 1
982, 8271, 10, 4.0, 1
983, 8271, 10, 4.7, 1
984, 8271, 10, 5.4, 1
985, 8271, 10, 4.4, 1
986, 8271, 10, 5.1, 1
987, 8271, 10, 3.5, 1
988, 8271, 10, 2.7, 1
989, 8271, 10, 3.4, 1
990, 8271, 10, 4.9, 1
991, 8271, 10, 4.7, 1
992, 8271, 10, 3.6, 1
993, 8271, 10, 3.2, 1
994, 8271, 10, 3.8, 1
995, 8271, 10, 5.2, 1
996, 8271, 10, 4.8, 1
997, 8271, 10, 3.7, 1
998, 8271, 10, 4.2, 1
999, 8271, 10, 3.6, 1
1000, 8271, 10, 4.1, 1
0, 6441, 50, 55.0, 55
1, 6441, 50, 54.6, 49
2, 6441, 50, 50.3, 45
3, 6441, 50, 51.0, 45
4, 6441, 50, 47.0, 40
5, 6441, 50, 46.5, 40
6, 6441, 50, 43.8, 40
7, 6441, 50, 45.0, 40
8, 6441, 50, 47.3, 40
9, 6441, 50, 47.1, 40
10, 6441, 50, 46.0, 40
11, 6441, 50, 46.3, 39
12, 6441, 50, 48.7, 39
13, 6441, 50, 47.1, 38
14, 6441, 50, 47.5, 37
15, 6441, 50, 46.8, 37
16, 6441, 50, 43.0, 36
17, 6441, 50, 42.1, 36
18, 6441, 50, 44.5, 36
19, 6441, 50, 45.5, 36
20, 6441, 50, 45.3, 36
21, 6441, 50, 46.4, 36
22, 6441, 50, 44.0, 36
23, 6441, 50, 46.6, 36
24, 6441, 50, 44.3, 36
25, 6441, 50, 44.7, 36
26, 6441, 50, 44.3, 32
27, 6441, 50, 44.3, 32
28, 6441, 50, 45.6, 32
29, 6441, 50, 41.8, 29
30, 6441, 50, 37.9, 29
31, 6441, 50, 38.9, 29
32, 6441, 50, 40.1, 29
33, 6441, 50, 40.0, 29
34, 6441, 50, 42.8, 29
35, 6441, 50, 44.9, 29
36, 6441, 50, 43.1, 29
37, 6441, 50, 48.6, 29
38, 6441, 50, 45.7, 29
39, 6441, 50, 40.1, 29
40, 6441, 50, 41.4, 29
41, 6441, 50, 41.0, 29
42, 6441, 50, 38.9, 29
43, 6441, 50, 39.4, 29
44, 6441, 50, 40.3, 29
45, 6441, 50, 41.3, 29
46, 6441, 50, 39.9, 29
47, 6441, 50, 38.5, 29
48, 6441, 50, 43.2, 29
49, 6441, 50, 42.9, 29
50, 6441, 50, 39.5, 29
51, 6441, 50, 40.0, 29
52, 6441, 50, 38.6, 29
53, 6441, 50, 38.1, 29
54, 6441, 50, 39.9, 29
55, 6441, 50, 39.9, 29
56, 6441, 50, 41.3, 29
57, 6441, 50, 42.5, 29
58, 6441, 50, 42.4, 29
59, 6441, 50, 42.8, 29
60, 6441, 50, 43.7, 29
61, 6441, 50, 39.7, 29
62, 6441, 50, 42.4, 29
63, 6441, 50, 40.0, 29
64, 6441, 50, 41.8, 29
65, 6441, 50, 42.7, 29
66, 6441, 50, 41.4, 29
67, 6441, 50, 48.6, 29
68, 6441, 50, 42.2, 29
69, 6441, 50, 43.0, 29
70, 6441, 50, 43.9, 29
71, 6441, 50, 43.6, 29
72, 6441, 50, 42.0, 29
73, 6441, 50, 42.2, 29
74, 6441, 50, 43.4, 29
75, 6441, 50, 38.6, 29
76, 6441, 50, 39.5, 29
77, 6441, 50, 45.2, 29
78, 6441, 50, 44.1, 29
79, 6441, 50, 43.7, 29
80, 6441, 50, 42.6, 29
81, 6441, 50, 41.7, 29
82, 6441, 50, 40.4, 29
83, 6441, 50, 38.9, 29
84, 6441, 50, 38.0, 29
85, 6441, 50, 41.8, 29
86, 6441, 50, 41.9, 29
87, 6441, 50, 41.1, 29
88, 6441, 50, 37.7, 29
89, 6441, 50, 38.9, 26
90, 6441, 50, 36.5, 26
91, 6441, 50, 38.5, 26
92, 6441, 50, 37.9, 26
93, 6441, 50, 41.1, 26
94, 6441, 50, 41.8, 26
95, 6441, 50, 46.1, 26
96, 6441, 50, 42.8, 26
97, 6441, 50, 39.9, 26
98, 6441, 50, 40.1, 26
99, 6441, 50, 39.9, 26
100, 6441, 50, 38.2, 26
101, 6441, 50, 38.8, 25
102, 6441, 50, 41.9, 25
103, 6441, 50, 42.4, 25
104, 6441, 50, 43.4, 25
105, 6441, 50, 43.4, 25
106, 6441, 50, 40.8, 25
107, 6441, 50, 40.9, 25
108, 6441, 50, 36.4, 25
109, 6441, 50, 36.4, 25
110, 6441, 50, 39.6, 25
111, 6441, 50, 40.3, 25
112, 6441, 50, 39.3, 25
113, 6441, 50, 39.9, 25
114, 6441, 50, 35.9, 25
115, 6441, 50, 42.2, 25
116, 6441, 50, 40.0, 25
117, 6441, 50, 41.8, 25
118, 6441, 50, 42.3, 25
119, 6441, 50, 44.7, 25
120, 6441, 50, 44.2, 25
121, 6441, 50, 41.6, 25
122, 6441, 50, 39.7, 25
123, 6441, 50, 43.1, 25
124, 6441, 50, 41.3, 25
125, 6441, 50, 39.5, 25
126, 6441, 50, 36.5, 25
127, 6441, 50, 36.5, 25
128, 6441, 50, 38.7, 25
129, 6441, 50, 40.2, 25
130, 6441, 50, 40.1, 25
131, 6441, 50, 41.3, 25
132, 6441, 50, 39.3, 25
133, 6441, 50, 38.4, 25
134, 6441, 50, 40.2, 25
135, 6441, 50, 41.6, 25
136, 6441, 50, 42.2, 25
137, 6441, 50, 39.5, 25
138, 6441, 50, 36.9, 25
139, 6441, 50, 37.7, 25
140, 6441, 50, 39.4, 25
141, 6441, 50, 36.6, 25
142, 6441, 50, 37.0, 25
143, 6441, 50, 39.9, 25
144, 6441, 50, 41.8, 25
145, 6441, 50, 41.9, 25
146, 6441, 50, 37.7, 25
147, 6441, 50, 43.3, 25
148, 6441, 50, 44.0, 25
149, 6441, 50, 40.8, 25
150, 6441, 50, 41.9, 25
151, 6441, 50, 39.5, 25
152, 6441, 50, 40.4, 25
153, 6441, 50, 38.2, 25
154, 6441, 50, 36.5, 25
155, 6441, 50, 39.8, 25
156, 6441, 50, 38.4, 25
157, 6441, 50, 43.0, 25
158, 6441, 50, 40.6, 25
159, 6441, 50, 41.0, 25
160, 6441, 50, 40.1, 25
161, 6441, 50, 38.3, 25
162, 6441, 50, 37.9, 25
163, 6441, 50, 38.0, 25
164, 6441, 50, 38.9, 25
165, 6441, 50, 39.4, 25
166, 6441, 50, 37.3, 25
167, 6441, 50, 39.4, 25
168, 6441, 50, 40.4, 25
169, 6441, 50, 38.9, 25
170, 6441, 50, 40.5, 25
171, 6441, 50, 41.2, 25
172, 6441, 50, 40.0, 25
173, 6441, 50, 38.1, 25
174, 6441, 50, 40.3, 25
175, 6441, 50, 39.0, 25
176, 6441, 50, 39.2, 25
177, 6441, 50, 37.6, 25
178, 6441, 50, 41.9, 25
179, 6441, 50, 42.8, 25
180, 6441, 50, 40.1, 25
181, 6441, 50, 38.7, 25
182, 6441, 50, 39.4, 25
183, 6441, 50, 39.0, 25
184, 6441, 50, 37.5, 25
185, 6441, 50, 39.8, 25
186, 6441, 50, 41.3, 25
187, 6441, 50, 38.0, 25
188, 6441, 50, 36.8, 25
189, 6441, 50, 41.4, 25
190, 6441, 50, 44.7, 25
191, 6441, 50, 38.8, 25
192, 6441, 50, 42.3, 25
193, 6441, 50, 40.3, 25
194, 6441, 50, 37.1, 25
195, 6441, 50, 37.1, 25
196, 6441, 50, 40.1, 25
197, 6441, 50, 40.8, 25
198, 6441, 50, 41.2, 25
199, 6441, 50, 37.9, 25
200, 6441, 50, 36.5, 25
201, 6441, 50, 38.3, 25
202, 6441, 50, 37.5, 25
203, 6441, 50, 38.3, 25
204, 6441, 50, 41.4, 25
205, 6441, 50, 39.5, 25
206, 6441, 50, 40.0, 25
207, 6441, 50, 36.4, 25
208, 6441, 50, 42.9, 25
209, 6441, 50, 38.4, 25
210, 6441, 50, 37.6, 25
211, 6441, 50, 37.9, 25
212, 6441, 50, 39.1, 25
213, 6441, 50, 41.7, 25
214, 6441, 50, 41.1, 25
215, 6441, 50, 39.1, 25
216, 6441, 50, 37.8, 25
217, 6441, 50, 42.1, 25
218, 6441, 50, 38.3, 25
219, 6441, 50, 40.3, 25
220, 6441, 50, 39.2, 25
221, 6441, 50, 37.5, 25
222, 6441, 50, 38.1, 25
223, 6441, 50, 43.4, 25
224, 6441, 50, 40.3, 25
225, 6441, 50, 40.3, 25
226, 6441, 50, 41.2, 25
227, 6441, 50, 39.0, 25
228, 6441, 50, 38.9, 25
229, 6441, 50, 41.5, 25
230, 6441, 50, 43.2, 25
231, 6441, 50, 44.0, 25
232, 6441, 50, 41.0, 25
233, 6441, 50, 39.1, 25
234, 6441, 50, 37.1, 25
235, 6441, 50, 37.1, 25
236, 6441, 50, 40.4, 25
237, 6441, 50, 38.7, 25
238, 6441, 50, 39.0, 25
239, 6441, 50, 38.0, 25
240, 6441, 50, 38.4, 25
241, 6441, 50, 40.8, 25
242, 6441, 50, 42.5, 25
243, 6441, 50, 43.8, 25
244, 6441, 50, 39.2, 25
245, 6441, 50, 39.2, 25
246, 6441, 50, 38.1, 25
247, 6441, 50, 42.7, 25
248, 6441, 50, 41.0, 25
249, 6441, 50, 36.9, 25
250, 6441, 50, 39.6, 25
251, 6441, 50, 44.7, 25
252, 6441, 50, 40.3, 25
253, 6441, 50, 38.5, 25
254, 6441, 50, 42.1, 25
255, 6441, 50, 42.5, 25
256, 6441, 50, 39.4, 25
257, 6441, 50, 38.3, 25
258, 6441, 50, 37.9, 25
259, 6441, 50, 40.7, 25
260, 6441, 50, 43.2, 25
261, 6441, 50, 42.3, 25
262, 6441, 50, 42.3, 25
263, 6441, 50, 44.8, 25
264, 6441, 50, 39.7, 25
265, 6441, 50, 41.4, 25
266, 6441, 50, 44.5, 25
267, 6441, 50, 40.4, 25
268, 6441, 50, 37.9, 25
269, 6441, 50, 35.8, 25
270, 6441, 50, 39.1, 25
271, 6441, 50, 38.9, 25
272, 6441, 50, 39.9, 25
273, 6441, 50, 40.1, 25
274, 6441, 50, 36.7, 25
275, 6441, 50, 40.7, 25
276, 6441, 50, 43.4, 25
277, 6441, 50, 44.9, 25
278, 6441, 50, 41.3, 25
279, 6441, 50, 39.6, 25
280, 6441, 50, 34.3, 25
281, 6441, 50, 36.8, 25
282, 6441, 50, 37.6, 25
283, 6441, 50, 37.3, 25
284, 6441, 50, 38.4, 25
285, 6441, 50, 41.4, 25
286, 6441, 50, 40.4, 25
287, 6441, 50, 37.4, 25
288, 6441, 50, 38.5, 25
289, 6441, 50, 42.2, 25
290, 6441, 50, 40.6, 25
291, 6441, 50, 38.8, 25
292, 6441, 50, 40.4, 25
293, 6441, 50, 40.7, 25
294, 6441, 50, 41.5, 25
295, 6441, 50, 36.5, 25
296, 6441, 50, 35.4, 25
297, 6441, 50, 39.9, 25
298, 6441, 50, 38.9, 25
299, 6441, 50, 38.8, 24
300, 6441, 50, 39.0, 24
301, 6441, 50, 41.4, 24
302, 6441, 50, 39.2, 24
303, 6441, 50, 41.7, 24
304, 6441, 50, 41.2, 24
305, 6441, 50, 41.1, 24
306, 6441, 50, 37.7, 24
307, 6441, 50, 39.9, 24
308, 6441, 50, 34.7, 24
309, 6441, 50, 39.7, 24
310, 6441, 50, 38.6, 24
311, 6441, 50, 38.8, 24
312, 6441, 50, 38.5, 24
313, 6441, 50, 42.0, 24
314, 6441, 50, 36.4, 24
315, 6441, 50, 37.0, 24
316, 6441, 50, 39.9, 24
317, 6441, 50, 37.1, 24
318, 6441, 50, 40.4, 24
319, 6441, 50, 42.5, 24
320, 6441, 50, 40.9, 24
321, 6441, 50, 38.6, 24
322, 6441, 50, 39.5, 24
323, 6441, 50, 40.1, 24
324, 6441, 50, 36.4, 24
325, 6441, 50, 36.1, 24
326, 6441, 50, 41.2, 24
327, 6441, 50, 42.9, 24
328, 6441, 50, 39.8, 24
329, 6441, 50, 39.6, 24
330, 6441, 50, 39.2, 24
331, 6441, 50, 38.0, 24
332, 6441, 50, 39.8, 24
333, 6441, 50, 37.0, 24
334, 6441, 50, 38.7, 24
335, 6441, 50, 37.3, 24
336, 6441, 50, 40.8, 24
337, 6441, 50, 40.8, 24
338, 6441, 50, 37.3, 24
339, 6441, 50, 37.6, 24
340, 6441, 50, 34.5, 24
341, 6441, 50, 37.7, 24
342, 6441, 50, 35.5, 24
343, 6441, 50, 41.3, 24
344, 6441, 50, 39.8, 24
345, 6441, 50, 40.8, 24
346, 6441, 50, 39.8, 24
347, 6441, 50, 41.1, 24
348, 6441, 50, 36.3, 24
349, 6441, 50, 35.5, 24
350, 6441, 50, 36.1, 24
351, 6441, 50, 36.8, 24
352, 6441, 50, 38.2, 24
353, 6441, 50, 39.6, 24
354, 6441, 50, 42.3, 24
355, 6441, 50, 42.3, 24
356, 6441, 50, 41.2, 24
357, 6441, 50, 38.3, 24
358, 6441, 50, 36.5, 24
359, 6441, 50, 36.7, 24
360, 6441, 50, 41.0, 24
361, 6441, 50, 40.5, 24
362, 6441, 50, 41.3, 24
363, 6441, 50, 39.6, 24
364, 6441, 50, 38.9, 24
365, 6441, 50, 38.1, 24
366, 6441, 50, 38.4, 24
367, 6441, 50, 37.2, 24
368, 6441, 50, 39.2, 24
369, 6441, 50, 38.3, 24
370, 6441, 50, 43.4, 24
371, 6441, 50, 36.6, 24
372, 6441, 50, 39.6, 24
373, 6441, 50, 41.2, 24
374, 6441, 50, 40.9, 24
375, 6441, 50, 36.7, 24
376, 6441, 50, 40.0, 24
377, 6441, 50, 36.6, 24
378, 6441, 50, 39.9, 24
379, 6441, 50, 40.9, 24
380, 6441, 50, 42.4, 24
381, 6441, 50, 41.1, 24
382, 6441, 50, 39.1, 24
383, 6441, 50, 39.6, 24
384, 6441, 50, 37.0, 24
385, 6441, 50, 39.9, 24
386, 6441, 50, 42.1, 24
387, 6441, 50, 43.2, 24
388, 6441, 50, 38.0, 24
389, 6441, 50, 39.4, 24
390, 6441, 50, 37.6, 24
391, 6441, 50, 38.4, 24
392, 6441, 50, 41.4, 24
393, 6441, 50, 39.3, 24
394, 6441, 50, 40.0, 24
395, 6441, 50, 37.0, 24
396, 6441, 50, 39.5, 24
397, 6441, 50, 41.1, 24
398, 6441, 50, 39.3, 24
399, 6441, 50, 38.3, 24
400, 6441, 50, 38.3, 24
401, 6441, 50, 38.5, 24
402, 6441, 50, 38.9, 24
403, 6441, 50, 38.6, 24
404, 6441, 50, 38.0, 24
405, 6441, 50, 39.6, 24
406, 6441, 50, 39.7, 24
407, 6441, 50, 38.7, 24
408, 6441, 50, 41.0, 24
409, 6441, 50, 42.6, 24
410, 6441, 50, 41.0, 24
411, 6441, 50, 39.3, 24
412, 6441, 50, 41.2, 24
413, 6441, 50, 43.3, 24
414, 6441, 50, 37.0, 24
415, 6441, 50, 36.9, 24
416, 6441, 50, 37.8, 24
417, 6441, 50, 40.8, 24
418, 6441, 50, 41.9, 24
419, 6441, 50, 42.5, 24
420, 6441, 50, 39.8, 24
421, 6441, 50, 38.7, 24
422, 6441, 50, 40.5, 24
423, 6441, 50, 39.6, 24
424, 6441, 50, 38.0, 24
425, 6441, 50, 39.0, 24
426, 6441, 50, 36.1, 24
427, 6441, 50, 38.4, 24
428, 6441, 50, 40.8, 24
429, 6441, 50, 45.9, 24
430, 6441, 50, 46.6, 24
431, 6441, 50, 39.7, 24
432, 6441, 50, 42.0, 24
433, 6441, 50, 42.2, 24
434, 6441, 50, 41.3, 24
435, 6441, 50, 42.1, 24
436, 6441, 50, 40.2, 24
437, 6441, 50, 40.8, 24
438, 6441, 50, 36.9, 24
439, 6441, 50, 37.6, 24
440, 6441, 50, 38.1, 24
441, 6441, 50, 36.1, 24
442, 6441, 50, 40.6, 24
443, 6441, 50, 38.5, 24
444, 6441, 50, 35.3, 24
445, 6441, 50, 37.0, 24
446, 6441, 50, 38.5, 24
447, 6441, 50, 35.6, 24
448, 6441, 50, 39.5, 24
449, 6441, 50, 41.5, 24
450, 6441, 50, 42.3, 24
451, 6441, 50, 38.2, 24
452, 6441, 50, 38.0, 24
453, 6441, 50, 37.4, 24
454, 6441, 50, 38.5, 24
455, 6441, 50, 39.1, 24
456, 6441, 50, 39.5, 24
457, 6441, 50, 36.6, 24
458, 6441, 50, 34.8, 24
459, 6441, 50, 38.6, 24
460, 6441, 50, 39.1, 24
461, 6441, 50, 37.5, 24
462, 6441, 50, 37.7, 24
463, 6441, 50, 39.5, 24
464, 6441, 50, 38.3, 24
465, 6441, 50, 38.4, 24
466, 6441, 50, 39.1, 24
467, 6441, 50, 41.3, 24
468, 6441, 50, 36.8, 24
469, 6441, 50, 35.4, 24
470, 6441, 50, 39.6, 24
471, 6441, 50, 37.7, 24
472, 6441, 50, 40.1, 24
473, 6441, 50, 42.1, 24
474, 6441, 50, 45.3, 24
475, 6441, 50, 44.7, 24
476, 6441, 50, 41.2, 24
477, 6441, 50, 40.7, 24
478, 6441, 50, 39.7, 24
479, 6441, 50, 39.6, 24
480, 6441, 50, 39.9, 24
481, 6441, 50, 39.5, 24
482, 6441, 50, 40.1, 24
483, 6441, 50, 40.2, 24
484, 6441, 50, 39.8, 24
485, 6441, 50, 38.8, 24
486, 6441, 50, 42.0, 24
487, 6441, 50, 41.7, 24
488, 6441, 50, 39.2, 24
489, 6441, 50, 38.0, 24
490, 6441, 50, 36.6, 24
491, 6441, 50, 37.7, 24
492, 6441, 50, 40.2, 24
493, 6441, 50, 41.0, 24
494, 6441, 50, 38.5, 24
495, 6441, 50, 40.2, 24
496, 6441, 50, 38.7, 24
497, 6441, 50, 38.5, 24
498, 6441, 50, 37.7, 24
499, 6441, 50, 41.0, 24
500, 6441, 50, 36.6, 24
501, 6441, 50, 38.0, 24
502, 6441, 50, 35.7, 24
503, 6441, 50, 38.6, 24
504, 6441, 50, 38.1, 24
505, 6441, 50, 40.5, 24
506, 6441, 50, 42.3, 24
507, 6441, 50, 37.2, 24
508, 6441, 50, 36.8, 24
509, 6441, 50, 38.8, 24
510, 6441, 50, 41.3, 24
511, 6441, 50, 42.6, 24
512, 6441, 50, 40.6, 24
513, 6441, 50, 37.9, 24
514, 6441, 50, 37.0, 24
515, 6441, 50, 44.6, 24
516, 6441, 50, 42.1, 24
517, 6441, 50, 40.2, 24
518, 6441, 50, 36.8, 24
519, 6441, 50, 36.4, 24
520, 6441, 50, 38.2, 24
521, 6441, 50, 40.2, 24
522, 6441, 50, 38.3, 24
523, 6441, 50, 41.4, 24
524, 6441, 50, 42.3, 24
525, 6441, 50, 42.3, 24
526, 6441, 50, 40.6, 24
527, 6441, 50, 40.9, 24
528, 6441, 50, 43.8, 24
529, 6441, 50, 39.1, 24
530, 6441, 50, 39.6, 24
531, 6441, 50, 39.1, 24
532, 6441, 50, 42.1, 24
533, 6441, 50, 46.9, 24
534, 6441, 50, 41.0, 24
535, 6441, 50, 40.9, 24
536, 6441, 50, 41.2, 24
537, 6441, 50, 39.9, 24
538, 6441, 50, 37.1, 24
539, 6441, 50, 39.6, 24
540, 6441, 50, 36.3, 24
541, 6441, 50, 36.2, 24
542, 6441, 50, 37.3, 24
543, 6441, 50, 39.7, 24
544, 6441, 50, 38.3, 24
545, 6441, 50, 38.1, 24
546, 6441, 50, 40.4, 24
547, 6441, 50, 37.0, 24
548, 6441, 50, 36.2, 24
549, 6441, 50, 40.0, 24
550, 6441, 50, 39.4, 24
551, 6441, 50, 37.7, 24
552, 6441, 50, 37.7, 24
553, 6441, 50, 36.1, 24
554, 6441, 50, 38.5, 24
555, 6441, 50, 36.0, 24
556, 6441, 50, 38.6, 24
557, 6441, 50, 38.4, 24
558, 6441, 50, 37.5, 24
559, 6441, 50, 36.3, 24
560, 6441, 50, 38.4, 24
561, 6441, 50, 40.3, 24
562, 6441, 50, 40.9, 24
563, 6441, 50, 43.0, 24
564, 6441, 50, 38.6, 24
565, 6441, 50, 40.0, 24
566, 6441, 50, 39.9, 24
567, 6441, 50, 38.4, 24
568, 6441, 50, 42.3, 24
569, 6441, 50, 41.8, 24
570, 6441, 50, 42.1, 24
571, 6441, 50, 41.9, 24
572, 6441, 50, 38.5, 24
573, 6441, 50, 33.4, 23
574, 6441, 50, 37.6, 23
575, 6441, 50, 39.3, 23
576, 6441, 50, 39.0, 23
577, 6441, 50, 37.8, 23
578, 6441, 50, 43.3, 23
579, 6441, 50, 42.1, 23
580, 6441, 50, 38.1, 23
581, 6441, 50, 38.9, 23
582, 6441, 50, 36.3, 23
583, 6441, 50, 38.1, 23
584, 6441, 50, 39.2, 23
585, 6441, 50, 40.1, 23
586, 6441, 50, 38.1, 23
587, 6441, 50, 40.3, 23
588, 6441, 50, 39.2, 23
589, 6441, 50, 40.3, 23
590, 6441, 50, 39.7, 23
591, 6441, 50, 38.5, 23
592, 6441, 50, 37.9, 23
593, 6441, 50, 39.3, 23
594, 6441, 50, 39.4, 23
595, 6441, 50, 37.1, 23
596, 6441, 50, 39.4, 23
597, 6441, 50, 40.7, 23
598, 6441, 50, 40.1, 23
599, 6441, 50, 40.8, 23
600, 6441, 50, 38.7, 23
601, 6441, 50, 39.9, 23
602, 6441, 50, 41.5, 23
603, 6441, 50, 43.5, 23
604, 6441, 50, 39.5, 23
605, 6441, 50, 38.8, 23
606, 6441, 50, 37.4, 23
607, 6441, 50, 38.2, 23
608, 6441, 50, 38.6, 23
609, 6441, 50, 41.2, 23
610, 6441, 50, 40.1, 23
611, 6441, 50, 36.3, 23
612, 6441, 50, 39.8, 23
613, 6441, 50, 40.1, 23
614, 6441, 50, 42.0, 23
615, 6441, 50, 40.1, 23
616, 6441, 50, 40.7, 23
617, 6441, 50, 37.2, 23
618, 6441, 50, 37.4, 23
619, 6441, 50, 40.3, 23
620, 6441, 50, 39.5, 23
621, 6441, 50, 41.0, 23
622, 6441, 50, 45.1, 23
623, 6441, 50, 41.8, 23
624, 6441, 50, 35.9, 23
625, 6441, 50, 34.8, 23
626, 6441, 50, 36.7, 23
627, 6441, 50, 39.5, 23
628, 6441, 50, 45.9, 23
629, 6441, 50, 44.3, 23
630, 6441, 50, 42.8, 23
631, 6441, 50, 44.7, 23
632, 6441, 50, 46.0, 23
633, 6441, 50, 42.0, 23
634, 6441, 50, 38.1, 23
635, 6441, 50, 35.1, 23
636, 6441, 50, 38.1, 23
637, 6441, 50, 35.4, 23
638, 6441, 50, 36.1, 23
639, 6441, 50, 35.2, 23
640, 6441, 50, 38.3, 23
641, 6441, 50, 38.8, 23
642, 6441, 50, 39.6, 23
643, 6441, 50, 37.2, 23
644, 6441, 50, 35.8, 23
645, 6441, 50, 38.5, 23
646, 6441, 50, 38.5, 23
647, 6441, 50, 37.7, 23
648, 6441, 50, 37.0, 23
649, 6441, 50, 37.2, 23
650, 6441, 50, 40.9, 23
651, 6441, 50, 43.8, 23
652, 6441, 50, 40.3, 23
653, 6441, 50, 37.9, 23
654, 6441, 50, 42.1, 23
655, 6441, 50, 44.3, 23
656, 6441, 50, 39.9, 23
657, 6441, 50, 39.8, 23
658, 6441, 50, 37.6, 23
659, 6441, 50, 36.0, 23
660, 6441, 50, 38.1, 23
661, 6441, 50, 43.7, 23
662, 6441, 50, 42.7, 23
663, 6441, 50, 36.6, 23
664, 6441, 50, 37.1, 23
665, 6441, 50, 38.8, 23
666, 6441, 50, 40.2, 23
667, 6441, 50, 42.7, 23
668, 6441, 50, 36.2, 23
669, 6441, 50, 39.8, 23
670, 6441, 50, 36.0, 23
671, 6441, 50, 39.0, 23
672, 6441, 50, 38.1, 23
673, 6441, 50, 38.7, 23
674, 6441, 50, 42.2, 23
675, 6441, 50, 41.5, 23
676, 6441, 50, 38.3, 23
677, 6441, 50, 36.2, 23
678, 6441, 50, 36.8, 23
679, 6441, 50, 37.5, 23
680, 6441, 50, 37.9, 23
681, 6441, 50, 38.6, 23
682, 6441, 50, 37.2, 23
683, 6441, 50, 38.9, 23
684, 6441, 50, 38.4, 23
685, 6441, 50, 35.4, 23
686, 6441, 50, 37.6, 23
687, 6441, 50, 38.8, 23
688, 6441, 50, 41.9, 23
689, 6441, 50, 37.1, 23
690, 6441, 50, 37.4, 23
691, 6441, 50, 34.4, 23
692, 6441, 50, 33.0, 23
693, 6441, 50, 36.2, 23
694, 6441, 50, 41.3, 23
695, 6441, 50, 42.6, 23
696, 6441, 50, 38.6, 23
697, 6441, 50, 38.6, 23
698, 6441, 50, 37.8, 23
699, 6441, 50, 37.9, 23
700, 6441, 50, 38.4, 23
701, 6441, 50, 39.1, 23
702, 6441, 50, 38.4, 23
703, 6441, 50, 37.0, 23
704, 6441, 50, 39.3, 23
705, 6441, 50, 37.9, 23
706, 6441, 50, 38.5, 23
707, 6441, 50, 38.6, 23
708, 6441, 50, 38.2, 23
709, 6441, 50, 37.6, 23
710, 6441, 50, 38.7, 23
711, 6441, 50, 41.2, 23
712, 6441, 50, 41.3, 23
713, 6441, 50, 36.7, 23
714, 6441, 50, 34.4, 23
715, 6441, 50, 39.0, 23
716, 6441, 50, 38.5, 23
717, 6441, 50, 43.3, 23
718, 6441, 50, 39.7, 23
719, 6441, 50, 38.8, 23
720, 6441, 50, 35.2, 23
721, 6441, 50, 37.1, 23
722, 6441, 50, 41.3, 23
723, 6441, 50, 45.6, 23
724, 6441, 50, 42.6, 23
725, 6441, 50, 43.5, 23
726, 6441, 50, 43.5, 23
727, 6441, 50, 40.7, 23
728, 6441, 50, 37.2, 23
729, 6441, 50, 38.3, 23
730, 6441, 50, 39.0, 23
731, 6441, 50, 36.2, 23
732, 6441, 50, 37.5, 23
733, 6441, 50, 37.6, 23
734, 6441, 50, 39.1, 23
735, 6441, 50, 40.0, 23
736, 6441, 50, 40.7, 23
737, 6441, 50, 38.4, 23
738, 6441, 50, 37.1, 23
739, 6441, 50, 43.7, 23
740, 6441, 50, 35.7, 23
741, 6441, 50, 37.7, 23
742, 6441, 50, 34.6, 23
743, 6441, 50, 38.3, 23
744, 6441, 50, 37.7, 23
745, 6441, 50, 34.9, 23
746, 6441, 50, 34.5, 23
747, 6441, 50, 36.2, 23
748, 6441, 50, 37.9, 23
749, 6441, 50, 38.0, 23
750, 6441, 50, 36.9, 23
751, 6441, 50, 39.3, 23
752, 6441, 50, 38.0, 23
753, 6441, 50, 37.7, 23
754, 6441, 50, 40.8, 23
755, 6441, 50, 36.5, 23
756, 6441, 50, 37.7, 23
757, 6441, 50, 39.8, 23
758, 6441, 50, 37.2, 23
759, 6441, 50, 37.5, 23
760, 6441, 50, 38.9, 23
761, 6441, 50, 38.0, 23
762, 6441, 50, 40.7, 23
763, 6441, 50, 39.3, 23
764, 6441, 50, 40.5, 23
765, 6441, 50, 39.2, 23
766, 6441, 50, 40.6, 23
767, 6441, 50, 38.3, 23
768, 6441, 50, 38.1, 23
769, 6441, 50, 36.8, 23
770, 6441, 50, 38.1, 23
771, 6441, 50, 36.6, 23
772, 6441, 50, 39.2, 23
773, 6441, 50, 39.3, 23
774, 6441, 50, 40.5, 23
775, 6441, 50, 39.6, 23
776, 6441, 50, 38.5, 23
777, 6441, 50, 38.7, 23
778, 6441, 50, 41.5, 23
779, 6441, 50, 39.8, 23
780, 6441, 50, 40.1, 23
781, 6441, 50, 44.2, 23
782, 6441, 50, 40.2, 23
783, 6441, 50, 39.7, 23
784, 6441, 50, 34.4, 23
785, 6441, 50, 37.8, 23
786, 6441, 50, 40.5, 23
787, 6441, 50, 40.6, 23
788, 6441, 50, 40.8, 23
789, 6441, 50, 37.6, 23
790, 6441, 50, 39.5, 23
791, 6441, 50, 38.6, 23
792, 6441, 50, 35.7, 23
793, 6441, 50, 39.7, 23
794, 6441, 50, 42.8, 23
795, 6441, 50, 39.1, 23
796, 6441, 50, 39.7, 23
797, 6441, 50, 35.4, 23
798, 6441, 50, 40.7, 23
799, 6441, 50, 39.3, 23
800, 6441, 50, 35.3, 23
801, 6441, 50, 38.7, 23
802, 6441, 50, 39.1, 23
803, 6441, 50, 36.6, 23
804, 6441, 50, 37.1, 23
805, 6441, 50, 38.8, 23
806, 6441, 50, 36.7, 23
807, 6441, 50, 38.6, 23
808, 6441, 50, 36.8, 23
809, 6441, 50, 38.3, 23
810, 6441, 50, 39.2, 23
811, 6441, 50, 42.5, 23
812, 6441, 50, 39.8, 23
813, 6441, 50, 37.4, 23
814, 6441, 50, 37.7, 23
815, 6441, 50, 36.7, 23
816, 6441, 50, 38.3, 23
817, 6441, 50, 38.6, 23
818, 6441, 50, 35.9, 23
819, 6441, 50, 37.4, 23
820, 6441, 50, 36.0, 23
821, 6441, 50, 38.8, 23
822, 6441, 50, 36.2, 23
823, 6441, 50, 39.9, 23
824, 6441, 50, 36.2, 23
825, 6441, 50, 37.7, 23
826, 6441, 50, 39.9, 23
827, 6441, 50, 38.6, 23
828, 6441, 50, 38.9, 23
829, 6441, 50, 38.4, 23
830, 6441, 50, 38.5, 23
831, 6441, 50, 40.8, 23
832, 6441, 50, 38.4, 23
833, 6441, 50, 40.8, 23
834, 6441, 50, 41.0, 23
835, 6441, 50, 39.9, 23
836, 6441, 50, 37.7, 23
837, 6441, 50, 42.8, 23
838, 6441, 50, 43.8, 23
839, 6441, 50, 40.8, 23
840, 6441, 50, 38.9, 23
841, 6441, 50, 39.2, 23
842, 6441, 50, 40.1, 23
843, 6441, 50, 40.3, 23
844, 6441, 50, 40.6, 23
845, 6441, 50, 39.7, 23
846, 6441, 50, 34.6, 23
847, 6441, 50, 38.3, 23
848, 6441, 50, 38.0, 23
849, 6441, 50, 41.4, 23
850, 6441, 50, 39.8, 23
851, 6441, 50, 41.6, 23
852, 6441, 50, 41.4, 23
853, 6441, 50, 40.5, 23
854, 6441, 50, 43.2, 23
855, 6441, 50, 38.3, 23
856, 6441, 50, 38.2, 23
857, 6441, 50, 36.4, 23
858, 6441, 50, 42.3, 23
859, 6441, 50, 42.7, 23
860, 6441, 50, 36.2, 23
861, 6441, 50, 40.3, 23
862, 6441, 50, 38.8, 23
863, 6441, 50, 33.7, 23
864, 6441, 50, 36.7, 23
865, 6441, 50, 38.7, 23
866, 6441, 50, 42.2, 23
867, 6441, 50, 42.4, 23
868, 6441, 50, 42.4, 23
869, 6441, 50, 41.7, 23
870, 6441, 50, 38.7, 23
871, 6441, 50, 40.0, 23
872, 6441, 50, 38.4, 23
873, 6441, 50, 34.8, 23
874, 6441, 50, 36.0, 23
875, 6441, 50, 34.3, 23
876, 6441, 50, 36.6, 23
877, 6441, 50, 34.6, 23
878, 6441, 50, 38.2, 23
879, 6441, 50, 38.9, 23
880, 6441, 50, 38.7, 23
881, 6441, 50, 40.8, 23
882, 6441, 50, 40.2, 23
883, 6441, 50, 38.6, 23
884, 6441, 50, 37.0, 23
885, 6441, 50, 39.3, 23
886, 6441, 50, 44.2, 23
887, 6441, 50, 39.5, 23
888, 6441, 50, 38.2, 23
889, 6441, 50, 36.9, 23
890, 6441, 50, 34.1, 23
891, 6441, 50, 38.9, 23
892, 6441, 50, 43.1, 23
893, 6441, 50, 41.6, 23
894, 6441, 50, 38.4, 23
895, 6441, 50, 36.6, 23
896, 6441, 50, 41.1, 23
897, 6441, 50, 36.0, 23
898, 6441, 50, 38.6, 23
899, 6441, 50, 40.5, 23
900, 6441, 50, 40.4, 23
901, 6441, 50, 40.2, 23
902, 6441, 50, 38.7, 23
903, 6441, 50, 36.6, 23
904, 6441, 50, 35.9, 23
905, 6441, 50, 35.1, 23
906, 6441, 50, 39.2, 23
907, 6441, 50, 40.9, 23
908, 6441, 50, 38.4, 23
909, 6441, 50, 40.7, 23
910, 6441, 50, 38.6, 23
911, 6441, 50, 43.0, 23
912, 6441, 50, 42.0, 23
913, 6441, 50, 37.4, 23
914, 6441, 50, 38.1, 23
915, 6441, 50, 36.0, 23
916, 6441, 50, 35.2, 23
917, 6441, 50, 38.0, 23
918, 6441, 50, 39.4, 23
919, 6441, 50, 39.5, 23
920, 6441, 50, 35.3, 23
921, 6441, 50, 35.6, 23
922, 6441, 50, 35.7, 23
923, 6441, 50, 37.4, 23
924, 6441, 50, 35.5, 23
925, 6441, 50, 34.7, 23
926, 6441, 50, 36.4, 23
927, 6441, 50, 36.1, 23
928, 6441, 50, 37.4, 23
929, 6441, 50, 37.3, 23
930, 6441, 50, 39.7, 23
931, 6441, 50, 35.4, 23
932, 6441, 50, 34.1, 23
933, 6441, 50, 35.8, 23
934, 6441, 50, 39.9, 23
935, 6441, 50, 40.4, 23
936, 6441, 50, 40.5, 23
937, 6441, 50, 43.1, 23
938, 6441, 50, 44.5, 23
939, 6441, 50, 40.2, 23
940, 6441, 50, 35.6, 23
941, 6441, 50, 34.3, 23
942, 6441, 50, 34.6, 23
943, 6441, 50, 35.4, 23
944, 6441, 50, 36.8, 23
945, 6441, 50, 40.1, 23
946, 6441, 50, 36.6, 23
947, 6441, 50, 37.1, 23
948, 6441, 50, 34.6, 23
949, 6441, 50, 38.5, 23
950, 6441, 50, 41.9, 23
951, 6441, 50, 39.2, 23
952, 6441, 50, 41.0, 23
953, 6441, 50, 39.6, 23
954, 6441, 50, 41.0, 23
955, 6441, 50, 38.7, 23
956, 6441, 50, 41.6, 23
957, 6441, 50, 38.3, 23
958, 6441, 50, 40.5, 23
959, 6441, 50, 36.9, 23
960, 6441, 50, 39.8, 23
961, 6441, 50, 37.6, 23
962, 6441, 50, 34.5, 23
963, 6441, 50, 35.2, 23
964, 6441, 50, 37.9, 23
965, 6441, 50, 35.1, 23
966, 6441, 50, 37.0, 23
967, 6441, 50, 36.9, 23
968, 6441, 50, 40.1, 23
969, 6441, 50, 40.9, 23
970, 6441, 50, 40.0, 23
971, 6441, 50, 39.6, 23
972, 6441, 50, 38.1, 23
973, 6441, 50, 38.7, 23
974, 6441, 50, 38.9, 23
975, 6441, 50, 40.4, 23
976, 6441, 50, 37.0, 23
977, 6441, 50, 37.5, 23
978, 6441, 50, 39.6, 23
979, 6441, 50, 41.0, 23
980, 6441, 50, 41.5, 23
981, 6441, 50, 39.5, 23
982, 6441, 50, 41.9, 23
983, 6441, 50, 45.8, 23
984, 6441, 50, 40.2, 23
985, 6441, 50, 37.9, 23
986, 6441, 50, 36.3, 23
987, 6441, 50, 39.8, 23
988, 6441, 50, 36.6, 23
989, 6441, 50, 39.7, 23
990, 6441, 50, 40.0, 23
991, 6441, 50, 41.4, 23
992, 6441, 50, 42.0, 23
993, 6441, 50, 40.7, 23
994, 6441, 50, 38.3, 23
995, 6441, 50, 33.7, 23
996, 6441, 50, 35.7, 23
997, 6441, 50, 38.0, 23
998, 6441, 50, 39.5, 23
999, 6441, 50, 36.4, 23
1000, 6441, 50, 39.1, 23
0, 1208, 100, 98.0, 98
1, 1208, 100, 104.5, 94
2, 1208, 100, 106.9, 92
3, 1208, 100, 98.9, 86
4, 1208, 100, 94.1, 84
5, 1208, 100, 97.8, 84
6, 1208, 100, 91.1, 74
7, 1208, 100, 90.7, 74
8, 1208, 100, 88.7, 74
9, 1208, 100, 91.1, 74
10, 1208, 100, 92.3, 74
11, 1208, 100, 94.6, 74
12, 1208, 100, 97.6, 74
13, 1208, 100, 101.6, 74
14, 1208, 100, 94.0, 74
15, 1208, 100, 99.0, 74
16, 1208, 100, 101.0, 74
17, 1208, 100, 97.2, 74
18, 1208, 100, 91.6, 74
19, 1208, 100, 87.8, 74
20, 1208, 100, 94.2, 74
21, 1208, 100, 95.2, 74
22, 1208, 100, 92.5, 74
23, 1208, 100, 90.3, 74
24, 1208, 100, 88.4, 74
25, 1208, 100, 91.8, 74
26, 1208, 100, 94.5, 74
27, 1208, 100, 92.2, 74
28, 1208, 100, 94.7, 74
29, 1208, 100, 90.5, 74
30, 1208, 100, 92.5, 74
31, 1208, 100, 91.3, 74
32, 1208, 100, 91.3, 74
33, 1208, 100, 93.3, 74
34, 1208, 100, 90.6, 74
35, 1208, 100, 91.1, 74
36, 1208, 100, 88.5, 74
37, 1208, 100, 91.4, 74
38, 1208, 100, 90.9, 74
39, 1208, 100, 91.9, 74
40, 1208, 100, 91.4, 74
41, 1208, 100, 92.2, 74
42, 1208, 100, 96.5, 74
43, 1208, 100, 100.1, 74
44, 1208, 100, 97.5, 74
45, 1208, 100, 87.3, 66
46, 1208, 100, 79.9, 64
47, 1208, 100, 86.4, 64
48, 1208, 100, 86.0, 64
49, 1208, 100, 91.9, 64
50, 1208, 100, 92.1, 64
51, 1208, 100, 91.6, 64
52, 1208, 100, 90.4, 64
53, 1208, 100, 87.1, 64
54, 1208, 100, 87.7, 64
55, 1208, 100, 82.8, 64
56, 1208, 100, 83.6, 64
57, 1208, 100, 85.9, 64
58, 1208, 100, 90.7, 64
59, 1208, 100, 88.8, 64
60, 1208, 100, 85.4, 64
61, 1208, 100, 89.5, 64
62, 1208, 100, 91.1, 64
63, 1208, 100, 87.8, 64
64, 1208, 100, 87.7, 64
65, 1208, 100, 97.5, 64
66, 1208, 100, 93.0, 64
67, 1208, 100, 94.3, 64
68, 1208, 100, 86.7, 64
69, 1208, 100, 93.0, 64
70, 1208, 100, 91.7, 64
71, 1208, 100, 87.4, 64
72, 1208, 100, 84.2, 64
73, 1208, 100, 87.3, 64
74, 1208, 100, 88.2, 64
75, 1208, 100, 89.2, 64
76, 1208, 100, 90.5, 64
77, 1208, 100, 82.1, 64
78, 1208, 100, 90.8, 64
79, 1208, 100, 87.6, 64
80, 1208, 100, 82.9, 64
81, 1208, 100, 89.2, 64
82, 1208, 100, 88.4, 64
83, 1208, 100, 88.0, 64
84, 1208, 100, 84.2, 64
85, 1208, 100, 87.2, 64
86, 1208, 100, 86.8, 64
87, 1208, 100, 86.4, 64
88, 1208, 100, 87.3, 64
89, 1208, 100, 87.9, 64
90, 1208, 100, 83.9, 64
91, 1208, 100, 87.2, 64
92, 1208, 100, 89.4, 64
93, 1208, 100, 83.5, 64
94, 1208, 100, 84.6, 64
95, 1208, 100, 87.9, 64
96, 1208, 100, 80.7, 64
97, 1208, 100, 80.0, 64
98, 1208, 100, 84.7, 64
99, 1208, 100, 88.8, 64
100, 1208, 100, 95.0, 64
101, 1208, 100, 87.9, 64
102, 1208, 100, 88.2, 64
103, 1208, 100, 85.4, 64
104, 1208, 100, 90.1, 64
105, 1208, 100, 93.6, 64
106, 1208, 100, 88.2, 64
107, 1208, 100, 88.9, 64
108, 1208, 100, 88.4, 64
109, 1208, 100, 86.6, 64
110, 1208, 100, 89.9, 64
111, 1208, 100, 90.1, 64
112, 1208, 100, 86.3, 64
113, 1208, 100, 86.7, 64
114, 1208, 100, 88.7, 64
115, 1208, 100, 92.9, 64
116, 1208, 100, 93.9, 64
117, 1208, 100, 88.7, 64
118, 1208, 100, 92.0, 64
119, 1208, 100, 89.0, 64
120, 1208, 100, 83.7, 64
121, 1208, 100, 87.6, 64
122, 1208, 100, 85.3, 64
123, 1208, 100, 88.6, 64
124, 1208, 100, 91.6, 64
125, 1208, 100, 85.1, 64
126, 1208, 100, 85.6, 64
127, 1208, 100, 84.3, 64
128, 1208, 100, 83.6, 64
129, 1208, 100, 87.5, 64
130, 1208, 100, 90.2, 64
131, 1208, 100, 92.0, 64
132, 1208, 100, 92.6, 64
133, 1208, 100, 89.4, 64
134, 1208, 100, 88.3, 64
135, 1208, 100, 85.1, 64
136, 1208, 100, 84.9, 64
137, 1208, 100, 87.5, 64
138, 1208, 100, 88.2, 64
139, 1208, 100, 87.3, 64
140, 1208, 100, 88.3, 64
141, 1208, 100, 88.1, 64
142, 1208, 100, 85.2, 64
143, 1208, 100, 84.5, 64
144, 1208, 100, 87.2, 64
145, 1208, 100, 94.0, 64
146, 1208, 100, 90.5, 64
147, 1208, 100, 88.1, 64
148, 1208, 100, 85.8, 64
149, 1208, 100, 82.5, 64
150, 1208, 100, 81.9, 64
151, 1208, 100, 85.3, 64
152, 1208, 100, 84.9, 64
153, 1208, 100, 86.4, 64
154, 1208, 100, 87.5, 64
155, 1208, 100, 87.0, 64
156, 1208, 100, 87.0, 64
157, 1208, 100, 83.9, 64
158, 1208, 100, 85.6, 64
159, 1208, 100, 89.4, 64
160, 1208, 100, 95.0, 64
161, 1208, 100, 93.5, 64
162, 1208, 100, 88.2, 64
163, 1208, 100, 90.5, 64
164, 1208, 100, 89.3, 64
165, 1208, 100, 90.4, 64
166, 1208, 100, 91.1, 64
167, 1208, 100, 92.0, 64
168, 1208, 100, 93.8, 64
169, 1208, 100, 87.8, 64
170, 1208, 100, 87.5, 64
171, 1208, 100, 86.3, 64
172, 1208, 100, 95.9, 64
173, 1208, 100, 92.9, 64
174, 1208, 100, 87.5, 64
175, 1208, 100, 89.1, 64
176, 1208, 100, 84.6, 64
177, 1208, 100, 94.1, 64
178, 1208, 100, 86.3, 64
179, 1208, 100, 85.6, 64
180, 1208, 100, 83.6, 64
181, 1208, 100, 89.5, 64
182, 1208, 100, 88.9, 64
183, 1208, 100, 89.6, 64
184, 1208, 100, 83.8, 64
185, 1208, 100, 86.3, 64
186, 1208, 100, 83.0, 64
187, 1208, 100, 85.6, 64
188, 1208, 100, 89.7, 64
189, 1208, 100, 87.8, 64
190, 1208, 100, 90.2, 64
191, 1208, 100, 89.5, 64
192, 1208, 100, 91.7, 64
193, 1208, 100, 95.0, 64
194, 1208, 100, 92.3, 64
195, 1208, 100, 82.5, 64
196, 1208, 100, 88.5, 64
197, 1208, 100, 90.1, 64
198, 1208, 100, 85.4, 64
199, 1208, 100, 82.0, 64
200, 1208, 100, 85.3, 64
201, 1208, 100, 90.8, 64
202, 1208, 100, 90.7, 64
203, 1208, 100, 93.5, 64
204, 1208, 100, 95.7, 64
205, 1208, 100, 94.8, 64
206, 1208, 100, 86.2, 64
207, 1208, 100, 87.7, 64
208, 1208, 100, 86.0, 64
209, 1208, 100, 84.8, 64
210, 1208, 100, 85.4, 64
211, 1208, 100, 88.1, 64
212, 1208, 100, 87.7, 64
213, 1208, 100, 84.6, 64
214, 1208, 100, 86.7, 64
215, 1208, 100, 86.6, 64
216, 1208, 100, 90.3, 64
217, 1208, 100, 88.3, 64
218, 1208, 100, 89.2, 64
219, 1208, 100, 91.7, 64
220, 1208, 100, 89.4, 64
221, 1208, 100, 85.5, 64
222, 1208, 100, 88.9, 64
223, 1208, 100, 82.9, 64
224, 1208, 100, 83.3, 64
225, 1208, 100, 85.6, 64
226, 1208, 100, 88.6, 64
227, 1208, 100, 89.0, 64
228, 1208, 100, 93.6, 64
229, 1208, 100, 87.4, 64
230, 1208, 100, 88.2, 64
231, 1208, 100, 88.3, 64
232, 1208, 100, 88.6, 64
233, 1208, 100, 88.2, 64
234, 1208, 100, 85.4, 64
235, 1208, 100, 88.8, 64
236, 1208, 100, 89.5, 64
237, 1208, 100, 86.8, 64
238, 1208, 100, 92.0, 64
239, 1208, 100, 91.4, 64
240, 1208, 100, 91.5, 64
241, 1208, 100, 89.8, 64
242, 1208, 100, 87.6, 64
243, 1208, 100, 85.9, 64
244, 1208, 100, 87.4, 64
245, 1208, 100, 82.8, 64
246, 1208, 100, 85.3, 64
247, 1208, 100, 85.1, 64
248, 1208, 100, 85.1, 64
249, 1208, 100, 90.0, 64
250, 1208, 100, 88.8, 64
251, 1208, 100, 93.5, 64
252, 1208, 100, 92.3, 64
253, 1208, 100, 85.9, 64
254, 1208, 100, 85.1, 64
255, 1208, 100, 90.5, 64
256, 1208, 100, 91.1, 64
257, 1208, 100, 83.3, 64
258, 1208, 100, 86.6, 64
259, 1208, 100, 88.4, 64
260, 1208, 100, 89.2, 64
261, 1208, 100, 90.6, 64
262, 1208, 100, 92.4, 64
263, 1208, 100, 93.4, 64
264, 1208, 100, 81.6, 64
265, 1208, 100, 91.9, 64
266, 1208, 100, 84.4, 64
267, 1208, 100, 85.4, 64
268, 1208, 100, 86.2, 64
269, 1208, 100, 91.9, 64
270, 1208, 100, 91.9, 64
271, 1208, 100, 86.7, 64
272, 1208, 100, 84.6, 64
273, 1208, 100, 82.3, 64
274, 1208, 100, 82.0, 64
275, 1208, 100, 85.7, 64
276, 1208, 100, 89.4, 64
277, 1208, 100, 91.5, 64
278, 1208, 100, 91.2, 64
279, 1208, 100, 89.1, 64
280, 1208, 100, 88.0, 64
281, 1208, 100, 91.7, 64
282, 1208, 100, 89.9, 64
283, 1208, 100, 86.6, 64
284, 1208, 100, 88.6, 64
285, 1208, 100, 82.2, 64
286, 1208, 100, 89.6, 64
287, 1208, 100, 91.5, 64
288, 1208, 100, 88.1, 64
289, 1208, 100, 83.7, 64
290, 1208, 100, 84.0, 64
291, 1208, 100, 90.6, 64
292, 1208, 100, 88.5, 64
293, 1208, 100, 91.4, 64
294, 1208, 100, 91.1, 64
295, 1208, 100, 90.7, 64
296, 1208, 100, 91.7, 64
297, 1208, 100, 90.9, 64
298, 1208, 100, 86.0, 64
299, 1208, 100, 89.5, 64
300, 1208, 100, 95.4, 64
301, 1208, 100, 91.0, 64
302, 1208, 100, 90.2, 64
303, 1208, 100, 95.3, 64
304, 1208, 100, 96.5, 64
305, 1208, 100, 99.4, 64
306, 1208, 100, 94.7, 64
307, 1208, 100, 92.6, 64
308, 1208, 100, 96.2, 64
309, 1208, 100, 90.1, 64
310, 1208, 100, 87.3, 64
311, 1208, 100, 85.7, 64
312, 1208, 100, 90.7, 64
313, 1208, 100, 81.6, 64
314, 1208, 100, 88.3, 64
315, 1208, 100, 88.4, 64
316, 1208, 100, 84.4, 64
317, 1208, 100, 82.8, 64
318, 1208, 100, 83.9, 64
319, 1208, 100, 85.6, 64
320, 1208, 100, 87.7, 64
321, 1208, 100, 88.5, 64
322, 1208, 100, 86.0, 64
323, 1208, 100, 83.6, 64
324, 1208, 100, 86.0, 64
325, 1208, 100, 86.9, 64
326, 1208, 100, 85.1, 64
327, 1208, 100, 87.4, 64
328, 1208, 100, 84.3, 64
329, 1208, 100, 91.5, 64
330, 1208, 100, 94.2, 64
331, 1208, 100, 86.2, 64
332, 1208, 100, 87.9, 64
333, 1208, 100, 89.0, 64
334, 1208, 100, 85.3, 64
335, 1208, 100, 86.0, 64
336, 1208, 100, 85.3, 64
337, 1208, 100, 87.3, 64
338, 1208, 100, 98.5, 64
339, 1208, 100, 87.4, 64
340, 1208, 100, 83.0, 64
341, 1208, 100, 89.7, 64
342, 1208, 100, 88.0, 64
343, 1208, 100, 85.0, 64
344, 1208, 100, 85.3, 64
345, 1208, 100, 83.3, 64
346, 1208, 100, 83.1, 64
347, 1208, 100, 87.4, 64
348, 1208, 100, 84.0, 64
349, 1208, 100, 88.2, 64
350, 1208, 100, 91.3, 64
351, 1208, 100, 88.9, 64
352, 1208, 100, 83.6, 64
353, 1208, 100, 84.5, 64
354, 1208, 100, 89.6, 64
355, 1208, 100, 82.0, 64
356, 1208, 100, 82.6, 64
357, 1208, 100, 85.7, 64
358, 1208, 100, 87.5, 64
359, 1208, 100, 89.2, 64
360, 1208, 100, 91.2, 64
361, 1208, 100, 88.6, 64
362, 1208, 100, 85.2, 64
363, 1208, 100, 83.7, 64
364, 1208, 100, 90.7, 64
365, 1208, 100, 93.1, 64
366, 1208, 100, 90.4, 64
367, 1208, 100, 88.8, 64
368, 1208, 100, 90.9, 64
369, 1208, 100, 88.6, 64
370, 1208, 100, 91.7, 64
371, 1208, 100, 90.7, 64
372, 1208, 100, 95.4, 64
373, 1208, 100, 90.6, 64
374, 1208, 100, 85.4, 64
375, 1208, 100, 92.0, 64
376, 1208, 100, 92.3, 64
377, 1208, 100, 88.6, 64
378, 1208, 100, 82.1, 64
379, 1208, 100, 84.9, 64
380, 1208, 100, 85.1, 64
381, 1208, 100, 88.5, 64
382, 1208, 100, 92.6, 64
383, 1208, 100, 87.6, 64
384, 1208, 100, 83.6, 64
385, 1208, 100, 90.2, 64
386, 1208, 100, 87.2, 64
387, 1208, 100, 84.2, 64
388, 1208, 100, 85.5, 64
389, 1208, 100, 89.4, 64
390, 1208, 100, 94.5, 64
391, 1208, 100, 94.4, 64
392, 1208, 100, 86.9, 64
393, 1208, 100, 88.5, 64
394, 1208, 100, 87.3, 64
395, 1208, 100, 86.1, 64
396, 1208, 100, 87.5, 64
397, 1208, 100, 88.0, 64
398, 1208, 100, 87.4, 64
399, 1208, 100, 86.8, 64
400, 1208, 100, 90.5, 64
401, 1208, 100, 91.2, 64
402, 1208, 100, 89.4, 64
403, 1208, 100, 88.7, 64
404, 1208, 100, 84.2, 64
405, 1208, 100, 83.7, 64
406, 1208, 100, 88.6, 64
407, 1208, 100, 82.6, 64
408, 1208, 100, 87.2, 64
409, 1208, 100, 89.5, 64
410, 1208, 100, 90.8, 64
411, 1208, 100, 86.0, 64
412, 1208, 100, 84.2, 64
413, 1208, 100, 90.5, 64
414, 1208, 100, 91.8, 64
415, 1208, 100, 95.2, 64
416, 1208, 100, 90.0, 64
417, 1208, 100, 86.4, 64
418, 1208, 100, 83.1, 64
419, 1208, 100, 90.5, 64
420, 1208, 100, 87.5, 64
421, 1208, 100, 86.4, 64
422, 1208, 100, 87.9, 64
423, 1208, 100, 87.7, 64
424, 1208, 100, 93.6, 64
425, 1208, 100, 89.5, 64
426, 1208, 100, 90.0, 64
427, 1208, 100, 90.2, 64
428, 1208, 100, 89.6, 64
429, 1208, 100, 87.7, 64
430, 1208, 100, 89.8, 64
431, 1208, 100, 86.4, 64
432, 1208, 100, 88.6, 64
433, 1208, 100, 84.0, 64
434, 1208, 100, 84.6, 64
435, 1208, 100, 87.7, 64
436, 1208, 100, 88.0, 64
437, 1208, 100, 88.4, 64
438, 1208, 100, 92.3, 64
439, 1208, 100, 92.8, 64
440, 1208, 100, 88.5, 64
441, 1208, 100, 87.1, 64
442, 1208, 100, 85.5, 64
443, 1208, 100, 87.8, 64
444, 1208, 100, 84.4, 64
445, 1208, 100, 88.0, 64
446, 1208, 100, 91.6, 64
447, 1208, 100, 90.3, 64
448, 1208, 100, 91.1, 64
449, 1208, 100, 85.5, 64
450, 1208, 100, 87.9, 64
451, 1208, 100, 83.1, 64
452, 1208, 100, 86.4, 64
453, 1208, 100, 88.0, 64
454, 1208, 100, 90.6, 64
455, 1208, 100, 87.9, 64
456, 1208, 100, 92.9, 64
457, 1208, 100, 91.5, 64
458, 1208, 100, 87.2, 64
459, 1208, 100, 87.8, 64
460, 1208, 100, 92.4, 64
461, 1208, 100, 86.4, 64
462, 1208, 100, 90.2, 64
463, 1208, 100, 95.2, 64
464, 1208, 100, 95.2, 64
465, 1208, 100, 92.7, 64
466, 1208, 100, 83.2, 64
467, 1208, 100, 85.5, 64
468, 1208, 100, 82.9, 64
469, 1208, 100, 84.4, 64
470, 1208, 100, 81.7, 64
471, 1208, 100, 89.2, 64
472, 1208, 100, 89.4, 64
473, 1208, 100, 90.3, 64
474, 1208, 100, 91.8, 64
475, 1208, 100, 85.2, 64
476, 1208, 100, 87.1, 64
477, 1208, 100, 91.2, 64
478, 1208, 100, 95.0, 64
479, 1208, 100, 90.5, 64
480, 1208, 100, 86.8, 64
481, 1208, 100, 83.4, 64
482, 1208, 100, 89.9, 64
483, 1208, 100, 91.0, 64
484, 1208, 100, 85.7, 64
485, 1208, 100, 87.7, 64
486, 1208, 100, 86.6, 64
487, 1208, 100, 85.3, 61
488, 1208, 100, 79.1, 61
489, 1208, 100, 85.3, 61
490, 1208, 100, 86.9, 61
491, 1208, 100, 87.7, 61
492, 1208, 100, 91.0, 61
493, 1208, 100, 90.1, 61
494, 1208, 100, 90.6, 61
495, 1208, 100, 88.9, 61
496, 1208, 100, 89.5, 61
497, 1208, 100, 85.0, 61
498, 1208, 100, 83.2, 61
499, 1208, 100, 82.1, 61
500, 1208, 100, 81.4, 61
501, 1208, 100, 82.9, 61
502, 1208, 100, 83.9, 61
503, 1208, 100, 85.1, 61
504, 1208, 100, 85.9, 61
505, 1208, 100, 84.2, 61
506, 1208, 100, 83.6, 61
507, 1208, 100, 81.3, 61
508, 1208, 100, 82.8, 61
509, 1208, 100, 85.6, 61
510, 1208, 100, 88.8, 61
511, 1208, 100, 93.4, 61
512, 1208, 100, 95.4, 61
513, 1208, 100, 88.6, 61
514, 1208, 100, 92.7, 61
515, 1208, 100, 91.6, 61
516, 1208, 100, 90.8, 61
517, 1208, 100, 85.8, 61
518, 1208, 100, 88.0, 61
519, 1208, 100, 75.2, 61
520, 1208, 100, 81.7, 61
521, 1208, 100, 84.2, 61
522, 1208, 100, 83.7, 61
523, 1208, 100, 83.9, 61
524, 1208, 100, 87.9, 61
525, 1208, 100, 80.0, 61
526, 1208, 100, 88.6, 61
527, 1208, 100, 85.8, 61
528, 1208, 100, 82.4, 61
529, 1208, 100, 82.0, 61
530, 1208, 100, 85.2, 61
531, 1208, 100, 88.3, 61
532, 1208, 100, 84.8, 61
533, 1208, 100, 92.4, 61
534, 1208, 100, 84.3, 61
535, 1208, 100, 89.5, 61
536, 1208, 100, 89.4, 61
537, 1208, 100, 88.6, 61
538, 1208, 100, 87.6, 61
539, 1208, 100, 86.3, 61
540, 1208, 100, 89.2, 61
541, 1208, 100, 91.8, 61
542, 1208, 100, 85.5, 61
543, 1208, 100, 84.0, 61
544, 1208, 100, 85.0, 61
545, 1208, 100, 86.2, 61
546, 1208, 100, 87.5, 61
547, 1208, 100, 85.5, 61
548, 1208, 100, 88.0, 61
549, 1208, 100, 86.6, 61
550, 1208, 100, 88.7, 61
551, 1208, 100, 85.4, 61
552, 1208, 100, 83.1, 61
553, 1208, 100, 84.3, 61
554, 1208, 100, 85.7, 61
555, 1208, 100, 86.4, 61
556, 1208, 100, 77.1, 61
557, 1208, 100, 87.6, 61
558, 1208, 100, 87.9, 61
559, 1208, 100, 81.2, 61
560, 1208, 100, 84.2, 61
561, 1208, 100, 84.3, 61
562, 1208, 100, 86.5, 61
563, 1208, 100, 87.6, 61
564, 1208, 100, 89.5, 61
565, 1208, 100, 89.3, 61
566, 1208, 100, 88.9, 61
567, 1208, 100, 85.8, 61
568, 1208, 100, 89.1, 61
569, 1208, 100, 90.0, 61
570, 1208, 100, 88.3, 61
571, 1208, 100, 89.5, 61
572, 1208, 100, 86.3, 61
573, 1208, 100, 87.0, 61
574, 1208, 100, 85.3, 61
575, 1208, 100, 88.1, 61
576, 1208, 100, 92.9, 61
577, 1208, 100, 87.1, 61
578, 1208, 100, 87.0, 61
579, 1208, 100, 84.8, 61
580, 1208, 100, 86.1, 61
581, 1208, 100, 84.7, 61
582, 1208, 100, 85.6, 61
583, 1208, 100, 85.3, 61
584, 1208, 100, 86.0, 61
585, 1208, 100, 88.4, 61
586, 1208, 100, 88.1, 61
587, 1208, 100, 85.1, 61
588, 1208, 100, 91.1, 61
589, 1208, 100, 91.0, 61
590, 1208, 100, 83.0, 61
591, 1208, 100, 87.6, 61
592, 1208, 100, 88.6, 61
593, 1208, 100, 89.7, 61
594, 1208, 100, 86.8, 61
595, 1208, 100, 80.3, 61
596, 1208, 100, 87.1, 61
597, 1208, 100, 82.4, 61
598, 1208, 100, 87.4, 61
599, 1208, 100, 86.1, 61
600, 1208, 100, 83.0, 61
601, 1208, 100, 87.6, 61
602, 1208, 100, 83.6, 61
603, 1208, 100, 86.8, 61
604, 1208, 100, 85.6, 61
605, 1208, 100, 87.7, 61
606, 1208, 100, 87.6, 61
607, 1208, 100, 89.4, 61
608, 1208, 100, 90.6, 61
609, 1208, 100, 92.9, 61
610, 1208, 100, 89.9, 61
611, 1208, 100, 82.3, 61
612, 1208, 100, 82.4, 61
613, 1208, 100, 81.2, 61
614, 1208, 100, 86.9, 61
615, 1208, 100, 90.3, 61
616, 1208, 100, 87.1, 61
617, 1208, 100, 87.5, 61
618, 1208, 100, 86.5, 61
619, 1208, 100, 84.4, 61
620, 1208, 100, 87.6, 61
621, 1208, 100, 84.5, 61
622, 1208, 100, 87.4, 61
623, 1208, 100, 81.7, 61
624, 1208, 100, 80.5, 61
625, 1208, 100, 85.1, 61
626, 1208, 100, 86.8, 61
627, 1208, 100, 86.0, 61
628, 1208, 100, 89.4, 61
629, 1208, 100, 90.9, 61
630, 1208, 100, 85.7, 61
631, 1208, 100, 84.4, 61
632, 1208, 100, 83.7, 61
633, 1208, 100, 88.9, 61
634, 1208, 100, 80.8, 61
635, 1208, 100, 84.8, 61
636, 1208, 100, 87.0, 61
637, 1208, 100, 82.0, 61
638, 1208, 100, 81.4, 61
639, 1208, 100, 88.1, 61
640, 1208, 100, 82.2, 61
641, 1208, 100, 84.4, 61
642, 1208, 100, 81.8, 61
643, 1208, 100, 80.3, 61
644, 1208, 100, 82.7, 61
645, 1208, 100, 87.0, 61
646, 1208, 100, 83.2, 61
647, 1208, 100, 84.7, 61
648, 1208, 100, 88.4, 61
649, 1208, 100, 85.2, 61
650, 1208, 100, 86.6, 61
651, 1208, 100, 89.3, 61
652, 1208, 100, 86.5, 61
653, 1208, 100, 90.0, 61
654, 1208, 100, 88.5, 61
655, 1208, 100, 91.8, 61
656, 1208, 100, 85.7, 61
657, 1208, 100, 88.2, 61
658, 1208, 100, 86.1, 61
659, 1208, 100, 85.4, 61
660, 1208, 100, 85.7, 61
661, 1208, 100, 81.6, 61
662, 1208, 100, 82.5, 61
663, 1208, 100, 91.0, 61
664, 1208, 100, 87.4, 61
665, 1208, 100, 82.4, 61
666, 1208, 100, 82.1, 61
667, 1208, 100, 85.8, 61
668, 1208, 100, 80.6, 61
669, 1208, 100, 82.1, 61
670, 1208, 100, 80.0, 61
671, 1208, 100, 83.3, 61
672, 1208, 100, 83.6, 61
673, 1208, 100, 85.9, 61
674, 1208, 100, 89.5, 61
675, 1208, 100, 90.7, 61
676, 1208, 100, 90.3, 61
677, 1208, 100, 86.7, 61
678, 1208, 100, 87.5, 61
679, 1208, 100, 86.3, 61
680, 1208, 100, 85.8, 61
681, 1208, 100, 79.3, 61
682, 1208, 100, 85.8, 61
683, 1208, 100, 89.5, 61
684, 1208, 100, 86.1, 61
685, 1208, 100, 87.7, 61
686, 1208, 100, 84.7, 61
687, 1208, 100, 89.4, 61
688, 1208, 100, 85.6, 61
689, 1208, 100, 85.3, 61
690, 1208, 100, 84.3, 61
691, 1208, 100, 83.3, 61
692, 1208, 100, 83.5, 61
693, 1208, 100, 84.1, 61
694, 1208, 100, 83.3, 61
695, 1208, 100, 84.7, 61
696, 1208, 100, 89.1, 61
697, 1208, 100, 83.3, 61
698, 1208, 100, 88.7, 61
699, 1208, 100, 87.7, 61
700, 1208, 100, 84.5, 61
701, 1208, 100, 81.2, 61
702, 1208, 100, 84.3, 61
703, 1208, 100, 86.9, 61
704, 1208, 100, 85.2, 61
705, 1208, 100, 82.4, 61
706, 1208, 100, 86.2, 61
707, 1208, 100, 81.0, 61
708, 1208, 100, 82.7, 61
709, 1208, 100, 83.7, 61
710, 1208, 100, 87.5, 61
711, 1208, 100, 81.6, 61
712, 1208, 100, 83.3, 61
713, 1208, 100, 81.7, 61
714, 1208, 100, 88.7, 61
715, 1208, 100, 87.9, 61
716, 1208, 100, 85.3, 61
717, 1208, 100, 89.8, 61
718, 1208, 100, 89.0, 61
719, 1208, 100, 85.3, 61
720, 1208, 100, 85.7, 61
721, 1208, 100, 89.5, 61
722, 1208, 100, 92.0, 61
723, 1208, 100, 91.1, 61
724, 1208, 100, 86.7, 61
725, 1208, 100, 85.7, 61
726, 1208, 100, 91.6, 61
727, 1208, 100, 87.3, 61
728, 1208, 100, 86.9, 61
729, 1208, 100, 85.7, 61
730, 1208, 100, 84.5, 61
731, 1208, 100, 83.2, 61
732, 1208, 100, 85.4, 61
733, 1208, 100, 89.4, 61
734, 1208, 100, 91.7, 61
735, 1208, 100, 92.6, 61
736, 1208, 100, 90.6, 61
737, 1208, 100, 81.8, 61
738, 1208, 100, 81.8, 61
739, 1208, 100, 85.7, 61
740, 1208, 100, 83.6, 61
741, 1208, 100, 86.0, 61
742, 1208, 100, 84.3, 61
743, 1208, 100, 82.2, 61
744, 1208, 100, 85.9, 61
745, 1208, 100, 89.7, 61
746, 1208, 100, 87.1, 61
747, 1208, 100, 91.0, 61
748, 1208, 100, 89.3, 61
749, 1208, 100, 86.7, 61
750, 1208, 100, 92.4, 61
751, 1208, 100, 84.7, 61
752, 1208, 100, 80.7, 61
753, 1208, 100, 84.2, 61
754, 1208, 100, 95.8, 61
755, 1208, 100, 90.3, 61
756, 1208, 100, 84.6, 61
757, 1208, 100, 83.5, 61
758, 1208, 100, 83.9, 61
759, 1208, 100, 83.9, 61
760, 1208, 100, 90.2, 61
761, 1208, 100, 87.6, 61
762, 1208, 100, 81.9, 61
763, 1208, 100, 81.3, 61
764, 1208, 100, 83.3, 61
765, 1208, 100, 86.6, 61
766, 1208, 100, 82.6, 61
767, 1208, 100, 86.2, 61
768, 1208, 100, 84.8, 61
769, 1208, 100, 90.3, 61
770, 1208, 100, 88.7, 61
771, 1208, 100, 89.9, 61
772, 1208, 100, 86.5, 61
773, 1208, 100, 88.1, 61
774, 1208, 100, 89.4, 61
775, 1208, 100, 81.9, 61
776, 1208, 100, 85.2, 61
777, 1208, 100, 81.3, 61
778, 1208, 100, 83.3, 61
779, 1208, 100, 88.1, 61
780, 1208, 100, 86.5, 61
781, 1208, 100, 83.0, 61
782, 1208, 100, 85.2, 61
783, 1208, 100, 86.7, 61
784, 1208, 100, 84.5, 61
785, 1208, 100, 87.7, 61
786, 1208, 100, 88.7, 61
787, 1208, 100, 87.8, 61
788, 1208, 100, 85.1, 61
789, 1208, 100, 85.3, 61
790, 1208, 100, 82.2, 61
791, 1208, 100, 87.2, 61
792, 1208, 100, 88.5, 61
793, 1208, 100, 85.5, 61
794, 1208, 100, 85.4, 61
795, 1208, 100, 85.9, 61
796, 1208, 100, 80.5, 61
797, 1208, 100, 86.6, 61
798, 1208, 100, 91.9, 61
799, 1208, 100, 83.8, 61
800, 1208, 100, 86.1, 61
801, 1208, 100, 87.7, 61
802, 1208, 100, 88.7, 61
803, 1208, 100, 85.5, 61
804, 1208, 100, 87.5, 61
805, 1208, 100, 86.9, 61
806, 1208, 100, 89.3, 61
807, 1208, 100, 83.3, 61
808, 1208, 100, 89.2, 61
809, 1208, 100, 87.5, 61
810, 1208, 100, 83.0, 61
811, 1208, 100, 87.4, 61
812, 1208, 100, 89.0, 61
813, 1208, 100, 91.0, 61
814, 1208, 100, 90.6, 61
815, 1208, 100, 90.4, 61
816, 1208, 100, 85.4, 61
817, 1208, 100, 86.9, 61
818, 1208, 100, 85.5, 61
819, 1208, 100, 88.3, 61
820, 1208, 100, 90.7, 61
821, 1208, 100, 90.6, 61
822, 1208, 100, 88.4, 61
823, 1208, 100, 86.8, 61
824, 1208, 100, 86.2, 61
825, 1208, 100, 87.3, 61
826, 1208, 100, 87.1, 61
827, 1208, 100, 84.1, 61
828, 1208, 100, 82.1, 61
829, 1208, 100, 83.5, 61
830, 1208, 100, 81.5, 61
831, 1208, 100, 80.0, 61
832, 1208, 100, 84.9, 61
833, 1208, 100, 88.8, 61
834, 1208, 100, 84.3, 61
835, 1208, 100, 89.2, 61
836, 1208, 100, 92.0, 61
837, 1208, 100, 91.4, 61
838, 1208, 100, 84.1, 61
839, 1208, 100, 87.7, 61
840, 1208, 100, 94.4, 61
841, 1208, 100, 85.6, 61
842, 1208, 100, 86.0, 61
843, 1208, 100, 88.6, 61
844, 1208, 100, 83.9, 61
845, 1208, 100, 87.5, 61
846, 1208, 100, 83.9, 61
847, 1208, 100, 83.2, 61
848, 1208, 100, 88.6, 61
849, 1208, 100, 86.3, 61
850, 1208, 100, 86.7, 61
851, 1208, 100, 86.6, 61
852, 1208, 100, 85.8, 61
853, 1208, 100, 83.9, 61
854, 1208, 100, 83.1, 61
855, 1208, 100, 89.2, 61
856, 1208, 100, 89.9, 61
857, 1208, 100, 85.5, 61
858, 1208, 100, 82.9, 61
859, 1208, 100, 85.7, 61
860, 1208, 100, 85.0, 61
861, 1208, 100, 84.4, 61
862, 1208, 100, 89.5, 61
863, 1208, 100, 81.3, 61
864, 1208, 100, 79.3, 61
865, 1208, 100, 81.3, 61
866, 1208, 100, 81.9, 61
867, 1208, 100, 78.5, 61
868, 1208, 100, 82.8, 61
869, 1208, 100, 86.1, 61
870, 1208, 100, 83.4, 61
871, 1208, 100, 83.8, 61
872, 1208, 100, 83.4, 61
873, 1208, 100, 84.4, 61
874, 1208, 100, 80.7, 61
875, 1208, 100, 87.9, 61
876, 1208, 100, 85.2, 61
877, 1208, 100, 84.0, 61
878, 1208, 100, 85.4, 61
879, 1208, 100, 85.1, 61
880, 1208, 100, 85.6, 61
881, 1208, 100, 91.6, 61
882, 1208, 100, 87.9, 61
883, 1208, 100, 82.8, 61
884, 1208, 100, 89.3, 61
885, 1208, 100, 87.5, 61
886, 1208, 100, 90.7, 61
887, 1208, 100, 83.0, 61
888, 1208, 100, 81.8, 61
889, 1208, 100, 88.3, 61
890, 1208, 100, 92.6, 61
891, 1208, 100, 92.3, 61
892, 1208, 100, 92.0, 61
893, 1208, 100, 90.4, 61
894, 1208, 100, 88.0, 61
895, 1208, 100, 84.8, 61
896, 1208, 100, 81.7, 61
897, 1208, 100, 83.0, 61
898, 1208, 100, 86.3, 61
899, 1208, 100, 83.9, 61
900, 1208, 100, 87.2, 61
901, 1208, 100, 88.6, 61
902, 1208, 100, 79.5, 61
903, 1208, 100, 82.3, 61
904, 1208, 100, 80.8, 61
905, 1208, 100, 81.4, 61
906, 1208, 100, 83.8, 61
907, 1208, 100, 86.5, 61
908, 1208, 100, 89.3, 61
909, 1208, 100, 96.4, 61
910, 1208, 100, 94.0, 61
911, 1208, 100, 89.5, 61
912, 1208, 100, 90.4, 61
913, 1208, 100, 96.0, 61
914, 1208, 100, 101.9, 61
915, 1208, 100, 99.0, 61
916, 1208, 100, 96.7, 61
917, 1208, 100, 97.1, 61
918, 1208, 100, 94.3, 61
919, 1208, 100, 93.5, 61
920, 1208, 100, 89.7, 61
921, 1208, 100, 86.2, 61
922, 1208, 100, 92.2, 61
923, 1208, 100, 89.1, 61
924, 1208, 100, 87.0, 61
925, 1208, 100, 90.0, 61
926, 1208, 100, 88.7, 61
927, 1208, 100, 88.1, 61
928, 1208, 100, 88.6, 61
929, 1208, 100, 86.2, 61
930, 1208, 100, 87.8, 61
931, 1208, 100, 82.1, 61
932, 1208, 100, 85.1, 61
933, 1208, 100, 82.9, 61
934, 1208, 100, 85.6, 61
935, 1208, 100, 85.1, 61
936, 1208, 100, 85.9, 61
937, 1208, 100, 84.3, 61
938, 1208, 100, 85.1, 61
939, 1208, 100, 82.6, 61
940, 1208, 100, 81.5, 61
941, 1208, 100, 87.9, 61
942, 1208, 100, 82.2, 61
943, 1208, 100, 85.8, 61
944, 1208, 100, 87.3, 61
945, 1208, 100, 88.3, 61
946, 1208, 100, 87.6, 61
947, 1208, 100, 87.0, 61
948, 1208, 100, 86.6, 61
949, 1208, 100, 96.5, 61
950, 1208, 100, 91.2, 61
951, 1208, 100, 84.0, 61
952, 1208, 100, 83.2, 61
953, 1208, 100, 87.3, 61
954, 1208, 100, 89.0, 61
955, 1208, 100, 89.0, 61
956, 1208, 100, 85.5, 61
957, 1208, 100, 91.1, 61
958, 1208, 100, 83.8, 61
959, 1208, 100, 86.6, 61
960, 1208, 100, 93.8, 61
961, 1208, 100, 87.1, 61
962, 1208, 100, 79.7, 61
963, 1208, 100, 86.3, 61
964, 1208, 100, 82.2, 61
965, 1208, 100, 85.2, 61
966, 1208, 100, 85.9, 61
967, 1208, 100, 85.8, 61
968, 1208, 100, 83.2, 61
969, 1208, 100, 83.2, 61
970, 1208, 100, 87.0, 61
971, 1208, 100, 86.5, 61
972, 1208, 100, 88.6, 61
973, 1208, 100, 84.2, 61
974, 1208, 100, 91.7, 61
975, 1208, 100, 90.6, 61
976, 1208, 100, 88.9, 61
977, 1208, 100, 89.8, 61
978, 1208, 100, 84.9, 61
979, 1208, 100, 90.8, 61
980, 1208, 100, 89.7, 61
981, 1208, 100, 92.4, 61
982, 1208, 100, 92.7, 61
983, 1208, 100, 88.3, 61
984, 1208, 100, 83.5, 61
985, 1208, 100, 88.4, 61
986, 1208, 100, 87.2, 61
987, 1208, 100, 81.1, 61
988, 1208, 100, 86.3, 61
989, 1208, 100, 86.3, 61
990, 1208, 100, 88.4, 61
991, 1208, 100, 87.1, 61
992, 1208, 100, 87.6, 61
993, 1208, 100, 84.1, 61
994, 1208, 100, 83.7, 61
995, 1208, 100, 85.7, 61
996, 1208, 100, 89.9, 61
997, 1208, 100, 86.0, 61
998, 1208, 100, 85.9, 61
999, 1208, 100, 89.1, 61
1000, 1208, 100, 92.1, 61
